,PC1,PC2,PC3,PC4,PC5,PC6,PC7,PC8,PC9,PC10
TCGA_BRCA_000,5.334015039975733,3.624184479485305,-0.9857808883758559,1.67439233775123,-1.8417334050098284,1.585701640061104,-2.543482461644224,1.001650699073566,2.6251316817110646,-3.1756458199610833
TCGA_BRCA_001,2.9122404805806124,2.788441820874585,4.221151520632114,-10.237347417988834,0.37539668226980244,0.05432154481073283,1.3167112724402024,4.322239174700439,-3.594651760049369,-2.242784480787492
TCGA_BRCA_002,6.270994896322566,-0.232033878627992,-0.40592263822388663,2.5095277616281657,-0.39246073588725655,0.8113797737156613,-0.8066259581866584,3.7696768714372038,0.46738393774728487,-0.5466365371362597
TCGA_BRCA_003,-0.29350324738705325,-0.3679258198283324,-2.746567810737217,-4.327291332844917,1.3696007551656382,-6.199969912075028,-4.124840947285087,0.45119935456528293,-1.473343930247679,-0.8542008954293479
TCGA_BRCA_004,-4.643126579905246,-2.6243533744979777,5.927697719597084,-8.581249542469928,3.5783260838190065,3.0008870415603344,3.5785358673005825,1.4197696505302297,2.1501711247331907,-2.2087816932370163
TCGA_BRCA_005,-3.0208430454251793,-2.7133768391322475,2.7373450434835904,1.6344884080701505,5.607917026692388,0.10304794570279269,-0.6023455356461703,2.9406705191015003,2.39879150769648,-5.63747748325089
TCGA_BRCA_006,-2.221299185635756,1.5133946728339291,1.9935350249396304,-0.4266275748316875,-6.840149700257237,0.5246739739660375,1.8152357198041207,-0.7699365326541358,1.8770847940148523,-0.5818452520688766
TCGA_BRCA_007,-4.128983829743695,0.05835737882906813,3.602560370412918,-0.4987077597143172,2.858620839444099,0.8058603558139813,-1.5411385218609344,-3.6949180770644494,-0.6009717697733203,-1.3536190531631918
TCGA_BRCA_008,1.5277286934276626,-2.9503776254461282,2.301991637822141,0.9277455668885548,-4.736791058292466,-4.563320692128307,-4.884424719592586,-2.510510169038482,-0.9528910625260976,-3.1500744244491137
TCGA_BRCA_009,3.954136663621516,1.584628179181233,3.474896296170187,5.321224649089217,1.0585504834705017,-1.4821122720228557,-0.8385330847239924,-4.740073118506286,-3.5853913116715037,-0.37303387297421553
TCGA_BRCA_010,2.0228780501334893,2.3806939943433965,-5.7267728869312675,4.270950498900724,-4.62583327211093,1.0895221059727198,3.6908442312858445,-0.12324082034085256,-4.915666106573176,-3.7133524243344174
TCGA_BRCA_011,-2.6770022499749557,3.920686148854341,-2.6502987773931697,1.5106838016086535,0.7213433795939291,1.3098944233657592,-2.1436034773886052,2.885561300464191,4.322071405574066,3.896358115554308
TCGA_BRCA_012,3.5044429305755123,0.6118831105612288,5.114161650375158,1.8919948527353292,5.750768306521864,0.802528031942714,4.036205258754077,-3.990078605150701,-1.711738128975174,-0.7743966180794947
TCGA_BRCA_013,-4.255505545963375,3.436955824561629,2.3630603619346497,-1.7805508677980317,0.23162586116141942,-0.635030638007446,-3.9588395559941203,-4.914313577469224,-0.07486022515030545,1.2823052680788065
TCGA_BRCA_014,6.803390842422223,4.472471137194214,-2.881832567869522,-2.6964992638317486,1.1618925596127196,1.4061933777821414,-3.850176990735007,1.8719412562835385,-1.5441181945970353,-1.8347736432280102
TCGA_BRCA_015,1.3304145404700585,-0.6213949121379511,0.3530103340462008,-6.78828901042701,3.8445039599587676,1.504872114991983,-1.3368057135057585,1.1253708575063082,-3.159658843465758,3.8715688131301227
TCGA_BRCA_016,4.034163531704009,-4.022199683315233,1.4075444496898717,5.8605943610325015,3.574988620968982,-4.67622434923235,-0.20993939484822283,-1.8361529622583774,-3.0553767595782766,-3.485347177370135
TCGA_BRCA_017,2.0237825050180467,-3.010555606202044,-3.6858588635600795,-5.208390126476255,3.7565914665147337,4.695307755246327,-2.062474082498152,2.5949196035016486,0.12152108380033395,0.7989066676078775
TCGA_BRCA_018,-2.851722548372003,-0.2645149261928164,0.7632484040832614,3.4726679185107066,0.47004705072979314,-3.8399155930562197,-8.971638862398818,0.46739113673827465,-2.976240656955665,0.08975407916635647
TCGA_BRCA_019,-0.26050689173390373,7.073632302773382,5.083707065038807,-2.3520447272229896,0.19502017544695888,-3.2112086558068493,0.36876040446277314,-1.8507721293082842,-0.6179077878177126,-5.680504459955198
TCGA_BRCA_020,1.488639043279333,-7.765283858406989,3.9007490599837946,-3.5486883167819467,2.9130642737242973,-1.2292758673747863,-1.7051061761282083,-5.980123800162135,6.052976044248122,-1.8047634272338335
TCGA_BRCA_021,3.543777781078417,0.9735073025978379,-2.912468856890575,0.20735888807595096,-4.313865924185705,-0.8250000546508275,7.53519010900314,2.3727719370084617,-0.9777448787971955,1.0912756586510144
TCGA_BRCA_022,-0.23997850343277408,-0.9667231252867603,-3.2810956202709285,0.4252607084964008,-0.4476339679282703,7.19403325735546,4.450011327597727,-2.628091218478417,-1.4164628098529781,-9.522506472571784
TCGA_BRCA_023,0.8408077905125282,-3.856920043708738,2.59009675391869,-2.72952907216631,1.666614056388793,1.332343551501897,-0.5208566101217732,3.1531380927772457,0.7776189367786318,-1.2957741590903868
TCGA_BRCA_024,2.6590857182065846,1.5866376189963913,1.8956580715664935,2.8554970484439512,-0.8559779199037586,3.521118042324346,2.4910367389435386,-5.724980594571471,-2.0903449730231944,-0.5265916118194246
TCGA_BRCA_025,1.5713297218121736,3.5703610543825444,-2.04268123119052,-2.2087119578792747,0.6695284456695768,2.9705948986434523,0.510243412125945,2.7243858908036755,0.4126527271146587,-1.1863868897220609
TCGA_BRCA_026,-0.46340946515630904,-1.9436601390349242,0.8985423923892749,3.287220865847922,4.178320248869299,-1.9016546432278494,-0.9031690890874284,0.45696325686821476,-0.5261386827742999,0.2150305474914875
TCGA_BRCA_027,-5.479823815132186,1.3562792004211985,1.0120872050357848,-3.064689912969809,-4.2912620554778265,2.4595742528017484,-0.6785170567917083,-3.545461640923877,2.864382393183325,0.0638562735649608
TCGA_BRCA_029,2.8972180805989534,-4.5997665141402715,-2.401037291388797,-6.482439961044456,-1.727139947833417,-2.466109934899773,-2.8928225773847545,-5.144538647437372,-1.3504072460299303,-0.3766453426604175
TCGA_BRCA_030,-0.25622886303016884,2.0846426510720706,3.80897142948615,4.1317832659461144,4.104468272481931,3.1653572164411377,-0.999018354141045,-2.1944845657166523,-0.4027855649175958,-3.2546607998828048
TCGA_BRCA_031,1.1614715632419945,5.031654152326785,-3.562273117445331,1.202833666381653,-1.2827988221645124,0.8876931022827038,-0.2070920489252755,-5.465154031024145,0.6472444642341638,-0.7906450431804452
TCGA_BRCA_032,-1.7713199828836266,1.1369301152176652,2.8692452699483786,6.11623579874692,4.691289888534882,-3.1967778562294957,-0.3219770905023197,-0.07400244729074676,0.6830936026978246,-4.392193423268859
TCGA_BRCA_033,-2.656877581408513,1.447885904463069,-1.3099783914832899,6.367152554378356,-1.3627455127471089,-2.3547377233620668,-3.10415334683668,2.6738414745396875,8.307372357502171,-2.6886571875554344
TCGA_BRCA_034,5.406782284799649,-1.888912762630339,0.3804226593332406,-4.912006527070595,-0.9628463246046146,0.728336708655149,1.3512021765877327,-5.420206866711911,-4.1337591330899635,1.3668249325277295
TCGA_BRCA_035,-6.744075443723746,-2.6547001471137968,-0.261764903585748,1.8761784722207786,1.4779928886296962,-2.9410418151828344,-0.020288777007038412,0.3709074475103867,1.238799927689031,-2.269617728529115
TCGA_BRCA_036,4.066644666712499,2.0876962446384253,-2.7037673338051333,-1.1757838152975655,0.6122462278462587,0.3806247603519257,3.622917757482102,4.551088316103135,-1.759584701460386,-2.9959864077772878
TCGA_BRCA_037,0.8552439967457945,-4.115384366798877,-3.6616491810041034,-3.438356556130299,-0.25083123665550616,-1.1685317566430111,5.354933890727248,-0.6355513739596664,1.4075438701684864,1.4898413568443312
TCGA_BRCA_038,0.27386155552225755,7.057139684370525,0.5021587459142225,3.509324773350442,-4.542038396821032,0.6954091535507411,-3.6883718315267173,4.372049257609751,-5.012275434358045,-2.7353310552177557
TCGA_BRCA_039,1.00152003737103,-0.6882367622481272,-2.5004377046646504,1.9682204343812912,0.008300970620042392,4.759058922123942,1.4653382944921158,-4.824330115355455,0.14920667062476917,0.33860664415902086
TCGA_BRCA_040,-1.3997063355986028,-2.376952938674569,-0.33900074331501356,3.711002331791865,0.2904420627340012,0.2547170794025897,4.5220930742484065,3.0069113282470608,0.22264461149630935,2.7969062972657257
TCGA_BRCA_041,-0.6757243221598817,-2.1004575542284254,-3.1855909212585107,2.062347560249035,-3.479735919794513,0.9991896473165172,-0.1644374085071828,0.6440341275421534,4.120609239531935,-2.968100747370251
TCGA_BRCA_042,0.9219534757012281,2.5850538672156724,1.5456976506555982,1.8701703926113995,-6.491706114356447,1.5116155206891166,-6.05965686548649,3.285473780891594,-5.081976253965012,2.210576314386035
TCGA_BRCA_043,-8.249794111945967,1.2864170194295916,-0.42731916408171405,-2.430723087534043,0.18430869255856056,2.4143902473615846,1.1833380009316263,-5.16790627846462,-1.6129103806584184,-1.0201964295884849
TCGA_BRCA_044,1.7091919019821835,1.4631893178113753,-7.056052968896203,0.9557491948910082,0.8542006593477797,2.6250194729452696,-0.5119387550098164,2.213193459975808,-3.221447591663347,-0.6626263220924817
TCGA_BRCA_045,8.37610317864027,-2.6322315492473756,-2.861016241452719,-3.2584651916198943,-1.7814994940455664,-0.08881664222052396,-2.434140018639145,0.020560870054932654,-2.528847038911834,3.5310483028189315
TCGA_BRCA_046,3.5428990606892974,-1.1877966346000413,-1.9299810730337277,1.6285326547133794,0.2774773181087453,-4.066018314020432,2.2912030539753876,3.9729237368255883,2.14112269257961,1.458093527419187
TCGA_BRCA_047,0.06638091313543219,2.6671980327010165,-5.579716188077193,-3.8301622669930038,5.304076903704637,-4.631538140628839,1.0839784924844917,0.6000183243750389,-0.5121391860479891,-2.2385137743427213
TCGA_BRCA_048,1.6559849287529285,-3.6142858459564153,4.074728795476758,6.2607851634360445,1.560937891612377,-2.2460969098544346,4.505422081256036,10.675668682765227,1.7662362947916315,5.060341806244286
TCGA_BRCA_049,-6.030988175349356,1.263277835543178,-4.273812387473663,-4.055622763842421,1.5037789604120289,5.110592271563171,-2.7470141324284727,-6.617768084136403,-5.433829954311042,-0.7767451697604344
TCGA_BRCA_050,-1.274206609178843,1.5469698321696013,2.944850873012324,-8.157442171502106,-4.935702799028497,-4.372586385649533,0.05250789912159753,0.116850539936575,0.686716265870057,5.100368872022962
TCGA_BRCA_051,-9.206413570199723,-0.7224046993647982,1.6818397114750159,3.5034202923972124,-1.9074346564391758,2.252547958737693,1.3435740361419588,-5.333811267463928,-3.74913845188152,0.4602628382894132
TCGA_BRCA_052,6.1570746040559845,-2.796411015302313,0.5864054302661402,4.027400361422157,1.1340113248388153,1.5905098058239437,-1.0934673883818333,-1.211472661015094,2.7598404781062493,-1.236026236352252
TCGA_BRCA_053,2.0582621902275617,6.300951164839402,-0.6044840474638264,-0.48691632815932967,-4.447557226089571,-6.178772215087962,-3.862224171789267,-1.8252160603502123,1.0975584346745098,1.6023278210281315
TCGA_BRCA_054,2.328082547293713,-4.182623724605318,-2.885016762642979,-5.209735327937143,5.44213233068818,3.342220489548531,-0.8834270329629701,-0.9862395135299707,5.347211712359484,2.008512412015451
TCGA_BRCA_055,-5.3407800510628345,0.4130611714672041,3.786992506375534,-3.2991910831579676,-1.8724458976720912,2.157268269972902,-2.5597621062756275,-1.4150387409763696,4.273086781622039,0.4112690319612794
TCGA_BRCA_056,-1.8778658898089557,-2.904118423750315,0.8170538025175018,1.1857267109137388,1.1791606671829273,-0.4266910567603843,6.178533537524646,2.402378053439,-1.5679198579998674,-0.06623944018359786
TCGA_BRCA_057,4.88246492370706,-5.03091979329477,-3.9059783247071533,-2.1608103518642157,-5.265340404349069,0.5651963266831603,-6.007012657322579,-0.325017080245033,0.6713596091519038,4.403129180830263
TCGA_BRCA_058,-1.9362551714166194,-0.19514334307003092,1.8208983937071899,5.033139135128099,-0.056362035344054394,1.6305634406146878,-2.2801551632179873,0.13450387784320736,-3.9950575555097774,1.3204672214848687
TCGA_BRCA_059,2.445722152390496,-0.9792604054872016,4.9353141330212695,2.428215546499513,0.2873020684292573,2.0353658725765063,-4.3199287894840515,0.1448240181975147,2.067288628457284,-5.4536694698603565
TCGA_LUAD_000,-0.9897094216896543,-3.995495334444273,3.52865141463693,-2.332308120697945,4.828245442036603,-2.5786368223718616,-3.6230017021175,-4.19962574578372,5.511805669054006,-1.2426996253500846
TCGA_LUAD_001,-4.111188672755791,-0.496317983447771,3.303521145527886,-5.8748010542069675,0.7816204040640078,-2.3505158236259263,2.6937170338851244,1.9088757064970472,-4.1026524394172155,-1.0032947066801885
TCGA_LUAD_002,-3.3816843324251686,2.404508420973807,-0.4719513259499367,4.213214073295408,7.295938692927656,0.796870536615273,2.771892307162233,0.3079780029670874,3.1171029865347233,2.503062936577027
TCGA_LUAD_003,2.546518648498072,-3.6108555054316818,-3.4951238502972184,4.5890210789259065,-0.49636418492307116,1.3078772020260383,-1.0296861672532165,-1.5114479280194466,-1.6850959139433541,3.5791992845075082
TCGA_LUAD_004,-4.099417633968748,4.643512767839755,-1.5441440030565117,-0.4115855062950133,2.1740878162574733,-2.826052692173398,-3.9371217157518372,3.964799647792727,-1.668995632067905,-5.3408580558981535
TCGA_LUAD_006,1.5399113804241498,-2.2801859618547966,-1.9454678319682892,3.966759404846148,-1.6602991981690842,-4.34760232611105,4.360228840143128,5.645451833014483,-4.236311848232737,-1.6048954801003714
TCGA_LUAD_007,1.9532645282536714,-1.372082249023301,1.204048351714884,0.7212581127191674,-3.68680257145254,-4.501928410993325,1.4731186095815518,-3.2192847046321456,1.2991001110696812,1.0313308971991682
TCGA_LUAD_008,-2.097143299234374,0.9528670521063348,-1.9014836483072117,0.574689790896799,-0.6273482577846297,1.9094815807138514,0.7991674930564867,1.7020045387230427,3.4242298259556474,-1.7046818633041556
TCGA_LUAD_009,-0.6303830594796577,-2.4376739389980693,4.635083539512918,1.5765845838938164,-1.7781946766620946,-2.4381856656866385,0.0029874199238559746,-1.8995805928434177,2.730276299903766,4.273047322976802
TCGA_LUAD_010,-1.691194263876912,-0.20930411967172163,-0.259151575034483,-0.11787055000164262,-0.0009823216657138124,-6.158246947750568,4.2810925770946575,4.4307788926036284,3.1843073314388155,2.079023361347859
TCGA_LUAD_011,3.5757843413270867,3.1549449694575196,3.282616818670074,5.183319972500441,-5.128602351260643,4.691832000480681,2.1469728983159326,2.3213515638562567,3.2755586060672877,-2.599675477756331
TCGA_LUAD_012,0.96501301898569,-5.03407381774697,5.575128464288766,-1.0300326208172612,4.219834467252722,1.1240387025257992,3.5234702179096087,2.897892060495469,3.2730258489137163,-0.7333099391001094
TCGA_LUAD_013,-2.5018167981759785,-4.542397653619453,0.10786968973037032,3.553361941674775,1.820509803811548,3.160371682313346,2.05536210998769,-4.148477864736251,-1.1125170667258992,6.664552172662815
TCGA_LUAD_014,3.7948555113382456,-0.9025388713350053,-3.1849465764789024,-0.3218704959096202,-2.117703572640977,0.7206973905963264,-4.272109837633495,-3.800199349547476,-3.5563337089241918,1.7217216717286496
TCGA_LUAD_015,-0.5171709423904448,-0.5041105181953117,-1.6145815166724988,5.076961573193095,4.865663169961336,-1.1467049154201456,3.9453023238478937,-5.268200887472427,0.9997371657016844,0.6692929909799008
TCGA_LUAD_016,1.214367725262948,-0.5968064956267025,-0.11302922716556522,5.567669699873441,3.910580034606409,-2.413963587866647,-7.966199542532671,-3.7797130549995805,0.7067231569308685,1.3703905313264269
TCGA_LUAD_017,-2.380159920964534,-1.0040589985953368,-2.7578214353364787,2.090086343567163,-0.41497415737601223,3.553210624010153,1.7184761664203292,-3.4147095075009237,1.9750293312920755,1.8704995729064817
TCGA_LUAD_018,2.204793347393472,-2.3943877184137574,1.3562384733484443,3.2036527794444787,-2.8098611892219134,-4.486494419975672,1.00574873561328,-3.0100688935090183,-1.3931919298865356,-3.8786918080983743
TCGA_LUAD_019,2.735377514947279,-0.9237410621707496,1.8768804364692209,3.8198110220388575,0.0347296374510503,-2.0748210458464054,2.479345220159984,-1.7794992623431725,8.116838625891424,-4.95474111786248
TCGA_LUAD_020,1.8628046384263963,1.2039051936411276,1.9729569477179207,-2.501483302028922,-1.1676752365182717,-4.0927896401778066,0.16368598073935975,-5.070242669099249,1.3066887511324143,2.0484479843952736
TCGA_LUAD_021,3.7919814561146206,1.4133972671436608,-2.7511534925940957,-3.2966981941630884,-3.940611945470442,-0.8624274374511118,2.448105226908931,-1.2415564912217327,-2.0442990630459184,-1.678475812969226
TCGA_LUAD_022,-2.0404357588374764,-3.927975640056227,3.4319277964989414,-2.5277954508490965,-1.273582170237217,5.039695162465171,0.03436265131282215,6.402693346066002,0.5440928449103183,-2.864574754005491
TCGA_LUAD_023,2.1149551214238826,1.563642262497808,4.534756642434501,-2.6379292078409784,6.183674223177316,0.29100842571796914,-1.2503682938808112,1.623792975774177,3.4468490689665208,2.808451287091289
TCGA_LUAD_024,3.8315956784544047,-1.0067539400033592,4.295042676436074,7.647963776101632,-3.9804259962501987,1.9925372284960539,4.706617842835547,-0.43296388678290226,-0.22605920695950238,7.413383162593529
TCGA_LUAD_025,6.037609002890215,2.4160191433399105,2.6161728182284185,-2.802171844289661,3.9353211512704456,-1.3436123805785465,-2.8711091602122383,0.2668843052077053,-2.6649400528804756,2.687830870203723
TCGA_LUAD_026,0.35371443957647497,5.5311757444987,-0.661322330109163,-2.665898469932749,-4.38408383234692,-0.626296978623232,-1.8261407616064862,-0.848826263317478,-0.24808402256511533,2.3493945093885644
TCGA_LUAD_027,-3.083824212345075,-5.421329295777333,3.472349919067822,-0.9106308067770653,-0.6739166097611674,-1.5614660494136954,2.462139850159906,2.6325389929165937,-1.8007020937532365,-0.014165392450431004
TCGA_LUAD_028,0.7656190238591264,4.928148345949154,1.7783950441346352,-0.008558497557056184,-1.62004667967214,-3.868366481307674,-2.3473465949098564,3.153389012737685,-1.1383954702496017,0.7115225118195314
TCGA_LUAD_029,0.19074906426921118,-0.5032183946074524,-1.7031591133625459,0.2183004132578159,0.20041222823601917,4.645943426722214,-3.118672015001517,-2.369337156400555,0.9141833258278007,1.3164591149852878
TCGA_LUAD_030,0.754127491833199,-5.409286095931355,1.6220311327533374,-0.37543055250678503,1.8024428239384638,-3.353042682713094,-0.8486402388041556,1.4367736569640501,-2.01885420633017,2.648253060903746
TCGA_LUAD_031,-1.5548081521461756,2.189505140982083,-1.9641625262698037,-4.229588822522378,1.2077830821320643,-4.035318924773802,1.0951313480715659,2.6551126871013757,3.1805000848572464,0.28544894844766805
TCGA_LUAD_032,-3.588705375117394,-0.3187134656493933,-0.9800813841265208,0.8038214728135243,6.470749317795703,2.874455845029842,-7.252130360619162,-2.8936002106158347,-0.21195973523591255,-6.644308890604783
TCGA_LUAD_033,0.38481694420991847,7.182930434596781,-1.2489560130843154,-1.175239574275957,2.347911955564408,1.5347269836596098,-0.41466631702102313,-6.9778127388848725,2.8324005239947985,4.972320365946451
TCGA_LUAD_034,3.8148967301927748,1.644687969636142,-1.246751299101864,2.6722132168211035,-1.5449575060118337,-4.556396311116873,3.6571810706987655,0.12243641071019797,-2.8935028756573584,-1.8490138263109412
TCGA_LUAD_035,-3.2192291472457173,5.971941832835961,5.873989000156721,0.8320698546448418,-0.4608532349955333,0.10516413339251202,2.3585305973758053,-1.014774285328784,0.32799913347260673,4.113325428733346
TCGA_LUAD_036,2.5940532530658755,3.4228163978640755,3.3012098946984776,-1.4420679358292519,5.055452788154448,0.6620946217289005,1.7433561097265333,-2.3589302983109883,0.9402866878220781,-1.3989342874853392
TCGA_LUAD_037,-2.751045223142694,-2.6215171480905317,-5.211053106815174,-0.9362925234014728,1.954890338033113,-2.614983534900839,-2.5843388449187734,0.5291411268024293,1.1741104254566348,-4.6281511068849275
TCGA_LUAD_038,-0.4800544094651822,-5.138603359601743,-0.3815340397755414,-3.039964239298603,0.056501190146066624,-5.214048116035109,2.5127924527367553,-0.10631812036028239,0.013018503413145432,-3.358030646229221
TCGA_LUAD_039,-1.2942585861310791,0.5685782110051312,-3.648756625417633,2.0547818552338923,-0.43620142049164407,-7.767044310625238,-3.928118995622307,-1.299572182660133,-0.18144339844795512,0.016523144398178254
TCGA_LUAD_040,5.407090189412013,-2.5096447247145104,-5.672675370749619,-0.5722595590485092,1.5846070913926222,0.0758183482110088,-2.108740624010365,-2.3476033154251237,3.1233716389761335,-1.5435851186734146
TCGA_LUAD_041,-2.8267528635414454,1.626539180758935,1.8182387823946526,-2.6259980339913898,-3.0183447796148792,-2.747511667644395,-3.2077174435012727,-0.8439802845398013,0.6243228273421616,-1.4559363740180002
TCGA_LUAD_042,6.019269698242718,2.9809895410091984,5.113162004773427,-4.879996360102703,2.2071337372626583,0.2698517367309817,-6.437416989470594,2.0445990624647483,0.45774829169111675,0.5830660293112673
TCGA_LUAD_043,-0.62087224954847,-1.4463780598794949,1.4292260824257677,3.712330850652489,4.879745259111024,-0.11795667223405074,1.461850041699985,2.6300108288662702,-1.2761805126091283,2.398038347941641
TCGA_LUAD_044,3.2297164893234163,-0.4370929815274016,-2.10471734770532,-3.21619379970785,3.5735496117285526,3.589358446778381,0.8276597213755701,4.841269196000188,5.10583210204206,-0.6977032530707159
TCGA_LUAD_045,0.3668094352483692,2.6148165951027047,0.32340284169086764,0.5839328725089518,0.1639735492339178,1.1268372514426597,-0.006121372214968886,-3.5231932768099554,-2.4256027893293957,-3.667663859266027
TCGA_LUAD_046,0.807556928658985,3.0474585488171897,-2.509334961723807,1.2310479871362943,-2.489268608974212,0.7271721911453324,-2.33665340068954,3.1122653934236486,-4.483297618551664,-0.29221690927513083
TCGA_LUAD_047,2.1773201578941777,1.1514793238391783,0.7186267706957522,4.808464031443835,1.4022025882724685,0.6518077059648018,0.6840063776103157,5.251750380519131,1.1823454147870032,3.31768627099592
TCGA_LUAD_048,-3.826279182564322,3.103468261828647,-0.14716455929430916,4.950022298395048,-5.5552041469261235,-3.5811266417892407,6.877445401445,-0.8705670209673051,-0.08922598818034451,-2.4365554860262812
TCGA_LUAD_049,3.706998053357114,4.374651578685023,5.379597478305969,-1.1190110628338021,6.795340639882789,-2.588153693986416,-0.6896298600155868,5.7798330995392,-2.835882212705363,0.7015976583448842
TCGA_LUAD_050,1.0083541516144192,-1.8041077274933437,1.0493974042583847,6.454908580218365,0.39385551885754205,4.12999602958282,2.1053937448826323,-2.2822130457929624,-4.593639021608104,-0.7086275194635476
TCGA_LUAD_051,-3.725425988799537,1.8513273651023103,-7.415894736956141,0.9158251178017462,-0.6619382868137887,-3.8911322444597936,2.0244062684281854,-0.41505128690600934,5.138806491199818,4.847478805358484
TCGA_LUAD_052,4.519102938187535,-1.876624948965594,-3.074700244407804,1.34875962769732,-4.151664915996574,0.7033295158113636,0.5711656419497192,-1.003468620481021,-3.523243528179061,-1.222230310670851
TCGA_LUAD_054,5.411714326363916,-4.428742996064337,-0.27782331654680203,-2.9549423769294045,-2.7338607233414813,1.2961884710241685,0.8124723111586686,3.3036930502031696,-3.0897131329430874,1.4324689025223551
TCGA_LUAD_055,1.3473461971591696,-1.5325632189447385,-1.0404377150930126,-2.755504058569441,4.5925250067127745,1.1332874219860418,-0.8913641808161983,-0.7076007029693477,0.9808440042790615,5.216270351673879
TCGA_LUAD_056,-3.910447309071248,0.6079828097635106,2.086988092643505,-2.2560486067220538,-0.0031232014925882605,-0.07593480916178015,2.8254184732434338,3.2451154332818977,-3.2278601669696987,1.119127225234636
TCGA_LUAD_057,2.5005628688942245,1.0503740711520453,-0.2984382447420999,4.007081645564931,1.2173122485429135,1.9378048746959076,1.7779990590706003,-5.813765045089995,1.2399599115952917,3.0838115632625067
TCGA_LUAD_058,2.749347108747524,-1.9709016008676308,-4.491021965526846,3.8520890222124735,5.576797868701589,-1.259081396948395,1.418565749369351,0.05485554225538965,4.8324000586647715,-0.8599234810136426
TCGA_LUAD_059,2.59988728141366,1.7233308297825998,0.7651746152195068,-0.851588093923823,-8.457985061304173,5.739516951818171,1.3749229798295683,1.169271120685713,-0.8071648043069833,-1.1462885856685232
TCGA_COAD_000,-4.587239179871551,-3.147245569969944,-0.10564085474465097,-0.26458180578346274,-4.237977753832174,-5.3089426538195434,-1.7934556422003718,0.018398076960159486,0.017833830286071085,1.4955174460187983
TCGA_COAD_001,3.771186535184756,-2.0406553704021393,-0.422697300602753,1.6434230843296393,1.8900725775230167,-1.839210630736053,-6.768687363378863,2.369757108368764,1.6142219139187814,1.1781653023530656
TCGA_COAD_002,5.416969881361507,0.22932892531345095,3.340551391267897,0.8115532299684526,-1.8553843890447448,-2.123514819856995,4.701257991815707,-3.1004417752705593,4.363464527196352,-2.5276807137886257
TCGA_COAD_003,0.0050568182818931376,3.0332088620703845,-1.2769992721969354,-2.3597700476722365,5.331226615980432,-3.933301349447715,-1.1274800411232462,0.14733742557888904,2.510775710136121,1.568641543276537
TCGA_COAD_004,-0.5007728279420128,4.038851203361765,2.6340337377629224,2.89107965311363,3.593177465415997,-4.467678606221106,2.0537686985431067,2.612947773955454,-4.729188597711501,-0.6864783314982137
TCGA_COAD_005,1.0822301915618682,-0.3851196909939027,-0.9847389221260222,-1.3992757146657622,-6.865424252801274,3.42312026184003,2.953503063304098,-3.087977353850476,-3.1659489745728453,-0.2193500015152115
TCGA_COAD_006,-2.1155330752755446,1.2119112097901361,1.1108218569898543,3.5130521847806433,-2.5302781374677115,3.854357873079954,0.563119417181535,1.2185598010957641,2.870406293990297,-3.995753834808311
TCGA_COAD_007,0.2616569961447344,-0.6279555679931668,-2.3926278475943348,-5.703792151212046,0.2698902401864419,3.021283934761603,-1.538555755348443,-2.601190471092872,-3.7119515678957615,3.052026657087857
TCGA_COAD_008,-2.8213897014188154,6.565895711281818,-0.8452811368064524,-3.9341607152711786,4.127703363854815,9.83986232930165,-3.946650502484104,3.0332069398214574,-3.4874687193862965,2.8986991054039994
TCGA_COAD_009,3.8600980542877736,0.05670063944688504,6.702865781818158,1.145152530971349,9.257484278023362,-2.7925343480671803,-0.32850975225341955,3.5389616542165725,2.8406533807279275,1.0840763548190102
TCGA_COAD_010,0.20203887226480063,-6.535702928601541,1.909066883359104,-1.5442659100093963,3.450949281382101,-2.5235670520772384,2.736353237203872,0.12011364236010119,0.22185326016949425,-0.5684142998949273
TCGA_COAD_011,0.4666696856998075,-4.491224474985972,-0.01055143214959433,0.1912338369082288,1.3944686025638262,-0.9009933782695677,0.7454823252729856,-0.15346753375562575,-3.6797057734498226,2.531623265366076
TCGA_COAD_012,-2.9833065509326215,-7.272632256269971,-5.504759296829343,1.514178841181788,-2.953373222317672,-1.3468752002017952,0.09733135755727401,-2.8695813161000396,-0.14258511610670047,-5.017501517685359
TCGA_COAD_013,-4.373007663585632,2.6826701041467427,-0.9510629659554685,3.6610891427010173,1.888253003751298,-1.6506545145090656,8.842042240114708,-1.4472334897916688,-2.668196409646202,-2.3647171254782737
TCGA_COAD_014,2.03671883037438,4.05254627346556,-2.0227565184566303,-4.182557878404556,5.654885209638728,0.25833331456539216,-0.18321189924378142,-2.748771739305123,-3.7205277562982055,0.8319498941672249
TCGA_COAD_015,-3.6945572151419395,-0.479262169863521,0.9224938170083418,5.296575783571603,1.1423043108972613,-1.8828697671274963,1.3220909129811456,-1.8349573232587082,-1.4441020684805819,3.6521060094841857
TCGA_COAD_016,-1.924928100761433,-2.115713446608836,-2.497224132650206,-0.7268527528521493,-0.422121525288796,4.043594824092219,-3.8627684798328357,3.6240975325702056,5.852776681784587,-0.3936303427310738
TCGA_COAD_017,-1.6710803221251243,-8.37404883127164,-0.8326810547905386,6.758401316800539,3.01484785882268,-1.2590412957664256,-7.713703439584277,2.162874659757433,-2.065703921801051,1.7449356450703843
TCGA_COAD_018,-5.347504254831044,2.1517249733674784,3.769788233749635,-3.855124016500695,-1.3151093501586244,0.057210299003136185,-5.950382331045222,1.325824425264669,1.4379756409466775,5.852176727807589
TCGA_COAD_019,-1.823504822822173,-1.9710077500720522,-1.4370358207353138,2.33702527900784,-0.7931357917914342,1.758257207872248,2.0722759806521975,5.264466552580671,-3.733183029089977,-6.537859338636364
TCGA_COAD_020,6.483963707916158,-3.140442976673812,0.3583658824078251,2.3743409771899286,2.8981457916162503,7.240730533950587,0.8704277807015635,-2.9702334616713033,-3.5999989806744264,-3.3178903760443212
TCGA_COAD_021,-1.906468603543959,3.629840855319249,-3.1933129737836907,-0.13875806820350878,-0.7684177522603687,-0.326652864086244,-1.6973998737271185,-1.7984863628317622,2.284763138849121,-6.516886826755629
TCGA_COAD_022,0.29520851682075755,0.734216660759437,3.5801491875192593,1.9132096112521964,-0.29314751009833345,-0.5090649490292071,-4.971413483674041,4.4356192775790175,1.4932017977584107,0.48431832715644496
TCGA_COAD_023,-1.6213951893146035,-3.0036518448728216,0.6512916714126427,0.227513261218781,-2.130028790359459,-2.988748383434794,-0.1334898839858676,0.39556397529156456,1.4749581122078042,2.6601888719268656
TCGA_COAD_024,3.73156709555345,2.5261471796773423,-5.8722543441485735,-5.392206974663869,-3.1642837127576575,0.9003053348417094,2.5509529910337765,-0.1679012795276157,4.426510077423903,2.852600279122797
TCGA_COAD_025,-1.4365822318358386,3.315908094697307,0.25768841125857395,-0.9395967085449238,8.375628626019504,5.063567381675201,1.0765482672545659,0.5459028777906354,3.359701081049849,4.6159635586641246
TCGA_COAD_026,1.2018166236054644,-1.8883236051181875,1.686470493086661,3.3199346902416056,1.6874841829197513,-4.782294014983217,3.840500314202839,-1.0191703634465807,1.3341587863608975,-1.6729912533715536
TCGA_COAD_027,5.826953387962119,0.3752473287511929,-1.2405839121900941,-1.4266433507309062,3.088663252698404,0.31906485589452915,5.549799268020536,-3.2269969108033045,3.446189465204708,0.5213338107602122
TCGA_COAD_028,4.4391547697549605,-2.2135719005833616,-3.953744843897623,-1.545704124060487,0.5929364286524936,-0.544333297459392,-2.1903209190704813,-4.869383429489287,-1.6326211534444497,2.541191516238191
TCGA_COAD_029,-1.3014314357573373,-2.094760915136784,-1.6344793403445192,4.576243670018765,-1.6295759832664602,-4.043464748382648,4.501465884122447,-1.3713267854448596,-0.544548164450294,-0.35129159408574145
TCGA_COAD_030,3.100098894476292,-2.9597052209181114,0.8700240192160854,1.4426572506595174,1.4379863302316727,-2.269139882051519,2.3645451549626078,-2.7499516773332453,-1.7505309293783564,-4.8681016700843625
TCGA_COAD_031,-0.42982389611496374,-3.6442608933998617,-1.2651913571104603,-4.788181132301299,3.2071476399445897,-2.753642789604896,0.8278184177910827,-1.5146965540936619,-0.2949549613297861,1.3691433522489478
TCGA_COAD_032,-3.90448019645991,-4.524325857507017,6.007678288113457,1.3723322514807923,-6.296610286737293,3.796055288083388,-6.360482343115045,-1.435192581434384,-2.212331577671757,0.3490079740969033
TCGA_COAD_033,-4.481984349693205,2.4444918587939566,-0.5457697649331672,-1.0375001087317957,2.439515231789118,-4.476509759745912,-2.4688788972133704,-2.847907908198489,-3.4098949008148716,-3.074265736570568
TCGA_COAD_034,0.6315387912829623,-3.149494662871037,-2.546881832495183,-4.36718735624748,-2.1455590188538256,4.335559602392007,-5.07689585240087,2.466072125737189,4.654470141823962,-0.6687297430157674
TCGA_COAD_035,-1.6080850702519172,2.3714878875654755,0.05528631254982131,-0.31851000725228534,-1.7052605019861309,1.6569951697538725,-2.6191677750636435,-3.7582170141764464,-0.6968212290215503,0.29253374236007473
TCGA_COAD_036,-0.3819469371720386,7.580435991801722,-2.964441789640676,4.524447441729316,-3.283647049076961,-4.773473275941954,-0.14117114649542453,-0.26395673996692537,6.640342741231664,-0.03564132549196968
TCGA_COAD_037,0.0034777567027851172,1.979045173660132,1.6339848538524653,-2.81763247078043,4.235382865811189,0.06497384879503398,-1.439596174100427,1.9635123458841899,-1.0679566484084098,-2.818330914552424
TCGA_COAD_038,0.6791980372159022,-6.449948560659426,-4.6295204324510895,0.21651838982374438,-1.9846795287912289,-0.20304601553402016,-1.2779405480505512,2.9764997498893875,2.5035326414033516,1.7446506556165673
TCGA_COAD_039,8.83437126724316,0.18421515927025486,-1.7159353937717448,-4.1042956128015105,3.4638517650755065,-0.496167428990128,-2.4627433433254002,-1.755711353377197,-1.6577091392463612,2.957324729661086
TCGA_COAD_040,-0.01911243790063722,-9.51608195741465,3.116575218445485,-4.2491940960107994,-1.2563174005144073,-0.7285161426504305,-1.168993892520093,-0.21704708936197267,-1.8970219683345444,3.533007168427008
TCGA_COAD_041,0.059676957698981424,-3.213560223693844,4.238775733045784,-2.315403089568594,0.869800956946356,6.626134900820743,1.5836185576052202,-6.220493241810157,3.362266613190793,-0.0035840046103933158
TCGA_COAD_042,0.778740203337862,-2.841881248680702,-0.142056101717164,5.124631656427867,-1.2443546178898914,-3.218284757266366,-6.457174401275736,-2.5517652822346246,0.3433011844400493,-0.8627965513532242
TCGA_COAD_043,0.009686965710978915,-1.9544759172060298,2.3593439558527893,-1.132153138058302,-2.406188009409985,1.1434207654062385,-7.606321462934306,-4.402252713021621,0.15998434621434113,-0.31699338224003804
TCGA_COAD_044,-3.4246395081168357,-2.657024610256871,-5.8275784276514555,1.234415888715432,2.679728810115192,0.4781194418404009,-1.64320120093351,7.400551829727731,-1.402352543083098,-0.8346455551704561
TCGA_COAD_045,3.1557207980241193,-1.3849274576022053,1.8507870521991863,4.62841852784297,-0.877441443537022,3.4387236354341444,0.8210492854193546,6.437670279220393,-2.883272905797622,-3.7743827998318897
TCGA_COAD_046,5.149670686942142,6.042714875459966,1.686941839946274,2.2142557148665865,0.2392612258610565,4.128257368695475,-5.90506022384074,-1.5294732312354997,0.20098373028057126,-1.633930855503436
TCGA_COAD_047,1.0945999031713227,0.018343589286423663,-6.032405401654465,-2.9969945249504755,-1.2292680522441959,1.496577601582278,0.91272225539285,-0.9279844114187306,1.87872930403359,-1.8945555810520684
TCGA_COAD_048,5.945026550737512,-0.2145255026558579,-0.3402265617529344,-3.4674350847607487,3.4026189604187542,-0.6440459185136506,0.1586914979559271,2.024693541148391,-3.7127318854305744,0.6555857915840038
TCGA_COAD_049,-5.030491516664958,-0.9184643117042279,-2.549313298928392,-0.7125450071810874,-0.5114078404065753,-1.3694436368496345,2.3311362883672015,0.2275809508388559,-5.912302870738594,5.810591900460271
TCGA_COAD_050,0.514200729046316,2.6772543460370297,-0.7715317885991667,5.796671897989188,2.2435697039045386,-4.076364573388334,-0.07445407679132827,-3.190342215027858,-1.0601324834426356,3.281321159932718
TCGA_COAD_051,0.2528012968882587,-4.721432909955617,-0.23916561696433766,-4.773665768238434,1.3596100177510007,1.4320710836473687,3.0472380567610906,-3.604467369409596,-0.13389875118024563,1.4019733506222436
TCGA_COAD_052,-6.220435873553184,-4.634712410967734,-1.4946812955712077,-2.788527593646203,0.8536483510888082,-0.0319166552612681,-4.97316461001199,4.210752394694287,-4.339660900664505,-0.047709100980344504
TCGA_COAD_053,-2.686870336980848,0.2070827549379129,-0.08087529545018532,-1.580151591823188,3.596917928016635,-1.9702114996024767,1.1508437530078093,-2.020616847625963,0.4783009333410868,5.11178807049538
TCGA_COAD_054,5.734897258217659,0.5151171673610923,-4.332251868424556,-2.0333860902821455,-0.6749100007841164,1.894915356808723,0.44323260336403797,-0.7181210529472776,-4.72985400811711,-1.1055028461902396
TCGA_COAD_055,1.7324408153758708,-3.0890916861619506,4.671685223118753,1.5630658125482897,-2.182494423853253,4.268129452861171,2.217090820236065,-2.562379808135267,1.0040858849345895,-0.12811301834806935
TCGA_COAD_056,5.194179812900864,-0.6240198936866153,4.617039341813553,-1.3689886658734045,0.322369214769455,0.15501032062084324,2.1257073984826835,-0.5675420919490468,0.18682396739719476,-1.6839054725853526
TCGA_COAD_057,-1.8251566430883357,-2.2020833281144436,-5.529341201045097,3.3397087079390073,1.7241581436505122,-1.4129016491810682,7.082117497807266,0.5836171612123437,-5.001140207678216,-1.618321053331422
TCGA_COAD_058,-1.2566104745202613,-0.9316465431632555,7.269465732219005,-2.5116412931226932,-3.895484807579087,-3.155682271551706,6.830068738077442,-2.1745980044277133,-1.1694093836580521,3.8927313377203796
TCGA_COAD_059,-0.9969221259992166,-2.8386608280766317,3.1449549444525844,-4.234277696148694,2.4064036738751513,-0.15155393976305645,-1.6145808435703768,-2.4342488376650353,2.885473636370033,-6.415079763125031
TCGA_GBM_000,-2.1598174633525566,0.41670708089420805,-1.6422713562731006,-0.7646741746265325,-6.851378321299333,1.438203937814297,-0.6328881766172727,0.263733724130009,2.640563545893537,-0.23199377893641174
TCGA_GBM_001,2.757709704511367,1.4555021356105204,-2.9926068306977496,0.6386466917073186,3.2273577505948636,-2.3247470634697422,-0.9983590272896767,-4.697971542191637,2.013027797677771,-0.24376771069599854
TCGA_GBM_002,-1.374128982808424,5.214256592158858,-0.1865768133376606,-1.2070416882416517,-0.3756675420348576,4.543296118050861,-2.3176179396015737,-0.16967348504229757,6.3949043331928,-1.6718340074658664
TCGA_GBM_003,-2.453910247402362,-0.574681088762212,1.1498514628285719,-2.2274759436512075,3.1766902809419566,4.382395498231144,-0.5358431422204395,6.913752505792002,3.9815723380405417,8.898738478677062
TCGA_GBM_004,4.2376473750560875,-3.106236999766781,-2.8005281062185237,1.4662274391207266,0.28447834231724706,-0.9149437676086644,-0.39032826993064995,3.944683085861615,-4.580362704860666,0.5856943291596745
TCGA_GBM_005,3.1053183717006245,2.4662626524123876,2.9517820705691697,0.7611628364320728,0.3323790440548476,-4.083750564577536,-0.49305057382532813,5.78671824506961,-0.14702221541875304,0.3777721596201896
TCGA_GBM_006,-1.5516080271032175,-1.438066837179896,1.2814532712733662,-1.823827508078388,-7.566549984518992,-1.0233364029225462,2.072280161656282,2.639759446726611,0.5423554567040183,2.6768547113568464
TCGA_GBM_007,-6.506902979115105,-2.1523712036216835,0.4059606562069855,-0.07385324022970144,-2.601442915896177,0.04102972357800604,1.0216647657973201,1.1415057996493208,-5.391625754958373,6.860478133177961
TCGA_GBM_008,-0.3126591640751125,-0.9689303713430659,-5.264864623243645,-2.0263145600333137,-1.7014197359984573,0.6845154554864734,-0.7016716564169637,1.720030984824715,-1.4908874125602858,-4.292880070723043
TCGA_GBM_009,-3.8308326761818514,3.171268941766228,3.128230341417036,4.278446749835265,5.054242523442179,2.3109889027468458,-3.4360639854326327,-1.6952344492170532,-4.749014812037828,-1.6168755782363273
TCGA_GBM_010,1.4334984610151802,2.9175225359082058,2.6211524859795166,-2.9510504626058864,2.16885353119803,5.829914818246889,0.04564996002936923,-0.5084639863385518,7.365550089631752,-0.7928954134381507
TCGA_GBM_011,-4.735631081155698,0.728918293385439,-2.0057302278665072,-1.8947054923252817,-2.663221117906904,0.17848165909368632,-0.22109404004717,4.493175154516984,1.834892285234844,-2.5238066009917395
TCGA_GBM_012,-0.5558674678701163,-0.762127059310141,1.8764533431729564,1.6988502758692898,-4.642267043850144,-0.877792580972111,-4.222064563110725,-1.86785562369865,4.608079641791975,-0.47855596312464826
TCGA_GBM_013,0.09013466525290978,10.43368512028408,0.4326136822741192,-3.258578937893614,4.113694719682254,-0.09410445771954946,10.239349072296635,-1.715348817362515,0.7118200371180393,-2.0850727679832213
TCGA_GBM_014,-5.132961773875813,0.37369187671553256,4.064525901705247,-0.8631416473691308,-0.7391731535239865,-2.0296556472580844,0.13070065145980034,-1.7620277670189604,-6.536150796270184,-5.054010863332972
TCGA_GBM_015,-0.6218532987674624,-1.053990535947933,-2.7344523864279657,-4.642388706387325,1.9001324197291742,-7.215140745734702,3.720429523059443,4.594455050021565,4.348575001890721,-0.34598429414625026
TCGA_GBM_016,1.7040912110599677,-3.813456327548165,-7.282974508684398,1.2955507339137673,-4.883094680700678,3.609874489047131,-2.0819838753466016,-3.296696252773484,-1.0847593132436246,2.7992227296545598
TCGA_GBM_017,5.2437630416628975,3.0408114679710527,1.4483155333561104,2.3395376534217593,1.2274470480026098,2.7042022616875245,-0.7753763660526762,4.492564588021675,-4.026416031414913,8.250104748698442
TCGA_GBM_018,0.5324053806954482,1.5074705793651506,-2.7278759121769722,4.268478857697237,-2.680625000775494,6.255561299924994,1.5073600534270086,0.6743050660508545,-2.9061105862489183,-1.2856006877989636
TCGA_GBM_019,-0.15143444533711742,-2.2616253132685165,1.360346524518895,4.184129850606212,3.6625503768609695,1.799281510322858,-3.291319226230809,-4.401179118615895,3.2523064228731053,1.798530730005927
TCGA_GBM_020,-1.8258990698368844,-2.5263001879037708,-1.246624730749906,-1.2581725496539296,0.07717029971064039,2.858805449848433,-2.1216539342161336,6.574083829075386,-0.9110526728624467,0.29313204324596903
TCGA_GBM_021,4.119719834612705,6.875880693292545,-4.670149577716205,-7.099665099873603,-3.4064256887660576,-2.738109434194126,-2.297704694614065,1.7376617612544343,-5.050210159534292,-4.015562463892805
TCGA_GBM_022,4.58485796046409,2.367041264446602,8.401311552364,2.906792480963472,-1.6082376577497415,-2.6021856459717827,0.6912165571395966,0.1085753793763338,0.7537787642796763,-4.47036350185669
TCGA_GBM_023,-2.702391872581897,1.3058902608821699,-1.8023446516525716,-0.5047747080648584,-0.2093610774945766,-5.26195150616163,-0.426518138384372,2.0513044110407765,-0.006702754721443631,7.003492175504715
TCGA_GBM_024,2.3881492519968437,3.0644270432428513,0.2864067691910147,1.4205498313054599,-4.811767794970242,6.230350698235367,4.869416652378495,2.718292058809697,1.7302439180071791,3.6073491573781817
TCGA_GBM_025,-1.4254280367767749,-6.392040615018089,-4.706105014079249,-5.5301078066341365,0.6272575635553158,-4.050573370684194,0.48192369011333247,1.800038998276998,-7.4234927123097245,-1.2892261065994883
TCGA_GBM_026,-4.09101164741178,-3.055415000502129,-0.2948383354296345,-2.1309490425511557,-2.4227193408851493,0.8948403777535291,4.610793968027111,-0.9262976969313539,4.180361687300339,-0.8101119652270062
TCGA_GBM_027,-1.5763530524946214,-1.4838142237049738,-3.5426681687665806,-5.929429936467562,3.6956928413892007,3.017369058678664,5.834317914593523,-2.302393077100065,1.1831083449682507,2.082977951776498
TCGA_GBM_028,-6.0479105888446725,-0.7494881585126407,-0.7871551892637195,-2.2438323466088104,-1.445937433030741,-3.58828580488108,0.0057580486853382636,0.45072010193494694,-3.2934728891636325,1.5735102015631544
TCGA_GBM_029,-3.6472197772133095,3.0892015572667844,-1.4490462935996558,-2.332230170962004,0.2677765358970336,4.963698052741028,4.314209019634857,-2.8476937049096067,-1.0880274995570223,0.31591538855001594
TCGA_GBM_030,1.8883895126973547,1.0316262120363253,0.03646081490740713,1.9378941733174506,-1.8309324950843764,-1.4312440381134965,-1.7995639678811557,0.7071044566636728,0.14082346394075165,8.172002058431937
TCGA_GBM_031,3.582585519171095,0.7496338818998768,0.5301848325958903,-1.9734462695878943,-1.4308083235825126,-2.4275938442827947,3.240977220741018,-2.23396910966107,2.7662107988037397,-0.4417048957178154
TCGA_GBM_032,-1.3119051207830417,2.0280103170942727,-5.693463885158002,-0.7594289379214103,-1.8061145393849058,0.006925819785762748,-1.3662129949129374,-3.0134784939370016,-1.5280880568538457,10.963936727652621
TCGA_GBM_033,1.8334373351009547,5.458367913786061,-1.4575571453659861,3.4087863673006473,0.7406861168197462,1.9480712292637197,-1.479775184086335,0.3693011338358906,-8.258772580536633,6.060690798789258
TCGA_GBM_034,0.8938905830991477,6.902939211327256,-3.510804249884904,-3.6101648281752814,-2.591986120935848,-1.544409413454713,7.386415953375402,3.775390531918838,2.933179836688177,-5.352169463637931
TCGA_GBM_035,1.0050345438496533,-1.6938542265549716,-7.21928284242908,0.8335221033063726,4.25149482301663,0.5538688925813994,-3.86686504184577,-1.9162247691412775,6.709768383081822,-2.5875673370826346
TCGA_GBM_036,1.1293688539214726,0.33914174277714465,4.1533711710026315,-2.9572350701828367,2.028421675996344,1.218642490497383,5.9881862581379695,-0.24355257905211455,-3.997780924254654,3.2605827694298606
TCGA_GBM_037,-0.32331430541934925,-0.6631752177009792,1.2588399534510046,-6.1910348105597395,-7.436913897336039,-4.1868022810367815,1.5986818471408064,2.3791225560071676,-2.4509593726797805,0.06141612965652255
TCGA_GBM_038,-3.2781401368211207,0.44765297326842984,2.8827999264262436,-0.8438765010044835,0.8347824104537217,2.583215062972433,-2.430583933708895,2.131848170800081,-2.945239810389813,-0.646111356740188
TCGA_GBM_039,-0.04156424583060843,2.1327728927474143,-4.290806555917227,-3.3072924179510714,2.642188966983839,-1.151368422408647,2.589186256921427,2.9492509818785835,1.1786219332069205,-3.1336023572531584
TCGA_GBM_040,-4.650377078091656,5.8859288837311174,-3.8453296470676763,4.907192802674285,0.7166683108238036,5.6520080136824955,-0.2805916907525385,1.4044686569319722,-1.942344152044601,7.1726908563134435
TCGA_GBM_041,2.378793882966937,-1.9269359806091901,-2.7419606912137993,4.1001509227558195,2.569291452063645,-2.459380150479812,0.8008211077301862,-0.34011475454583645,3.125424718024505,1.375529708025188
TCGA_GBM_042,0.4252316179792866,-1.198660591160757,2.3484537581339415,-1.0003000352883886,-1.0893910445780781,-0.6611672650963604,2.739452047567659,0.9671476115429868,-0.6057644033724549,-0.9328361519635766
TCGA_GBM_043,-0.4285013455874576,-2.4807378080114084,0.40000151429114494,-0.9713627670426878,-1.1155272041462558,-2.83781982690564,-0.04800766687391452,-6.300290461591545,1.343826665192728,3.0027086612792635
TCGA_GBM_044,-0.06527753306517636,4.729902234783599,-0.1776659624600685,-0.6588591076121365,1.9534707071227813,-2.1883917061236273,1.221465266083883,-7.077625812947873,-1.0559808660663925,-1.352078894250062
TCGA_GBM_045,-4.9404333001550365,-2.6876952169647397,-3.3788187211751732,-2.2145863101324412,-1.1156015906658343,5.581823270948717,-3.633692201316434,2.785767257868167,4.396037989864764,-0.9629203492189986
TCGA_GBM_046,-4.677553155396931,-1.8836245200028576,-3.007617995562049,-3.9172001222610136,0.036771501637717995,-0.21988653451988097,2.712634863488387,3.966811226587666,0.5964311024652376,-4.913145461212959
TCGA_GBM_047,6.655095834421679,-5.371541874491412,-1.876729528091238,0.12127635393264898,-4.72926188185827,-4.6564609818864335,-1.921205140156759,5.0585029072522305,-3.164228816754462,-4.392227540917948
TCGA_GBM_048,-2.0066496709378914,2.41998418487956,-1.9417615233363652,0.08561047816264239,2.7283620206728836,-1.5392761741480976,-1.205246133065616,2.796616541460265,2.8436848426217876,1.7850656344838265
TCGA_GBM_049,2.7996051495898358,3.943792922953597,0.5833863446164109,-3.982446108641537,-4.015238161701473,-5.989935570330245,-1.165166411238262,-0.49056011059179405,4.831057542924189,3.266670582236125
TCGA_GBM_050,6.721288369630135,-3.0106784898358896,6.53521449170865,-4.30072515639791,2.1174207947722867,-0.14118120469357115,2.3100502195148365,-1.6149646531587125,-1.987657093117964,1.553176795773554
TCGA_GBM_051,-5.663359549376951,-1.1028302407556603,2.6884614972973613,4.347078533846696,-2.851264019838002,5.737646187684447,-2.968132942718461,3.1319536819316784,-5.291914253555396,-5.663069095530922
TCGA_GBM_052,0.3681480371420772,-4.32142595560463,2.8190865015625493,-3.5380423973588737,-3.5217314313113697,-1.4396949612889707,3.353442489263771,-1.8757952378563687,5.552625846050769,-4.754535961310258
TCGA_GBM_053,-3.4628573049727214,-0.8500315665409738,4.593604938562419,-1.1094596380968664,0.7431985570365972,3.3340244487515274,-0.04244579959978569,3.2580313976870334,-4.999695484104817,0.15699705097301295
TCGA_GBM_054,-0.39333826113907305,-3.661477556914894,-3.406200658089281,1.234399746999126,1.2220100322725822,3.0963635764792468,3.1943602154437944,-5.982360154399768,-0.19711839991298313,-2.990014262495828
TCGA_GBM_055,3.706420483815058,-8.852605143548693,3.381194540749585,-3.1721015572730984,-1.7532370843981842,-3.6301723952583536,-4.974355086384088,-2.5250572818692687,-2.4586282573730602,0.24218410109872338
TCGA_GBM_056,-2.1117406080692276,5.4783263837076595,-4.922771294785749,-1.0414299023048508,2.3149216288417183,3.8063776637019173,-3.4881943461862335,0.9702989527187417,-1.6698810832740207,0.971698004695983
TCGA_GBM_057,-1.1871596764184718,-1.4063850839298495,-4.193835507156119,-2.823093348393894,0.32952682492871294,0.6189438619495349,1.0995316643326771,1.6239969331573747,7.924503242066252,4.3122755230993315
TCGA_GBM_058,2.3908266061851613,1.5778948219371969,-1.6967404070649479,-1.6640238833834289,3.5479103390395292,0.8110740454065586,1.0941829627983528,-1.4078710258031202,-6.062204341944686,-1.356595229200434
TCGA_GBM_059,4.641100897449142,0.22778627053680897,0.8750189793536629,0.9094601233145401,0.5574939234106309,6.309535132381924,-1.4484954794720795,6.158093312664882,2.6096538856722065,-0.38768965395899424
TCGA_PRAD_000,4.761016355521788,-0.8997193466694311,-5.552661704792955,-0.35838802299352795,0.3551524138470497,2.197924672074879,-2.6049668569520645,1.8670722085815945,-0.50373439964062,2.664117880070959
TCGA_PRAD_001,-1.2288033129510325,2.426055681497959,0.5152797712740376,5.790886060436867,0.3319928976376527,-0.4020712984263812,1.2808939923604503,-1.3079092333670843,2.139472284431105,0.9253677247971122
TCGA_PRAD_002,-4.936012361716174,0.28080921980564605,2.5497163588817515,-0.8819610218378625,0.37856445703334346,6.249161722866622,-0.21051031803256628,2.418168143539788,0.6510358700447587,-3.274162142790917
TCGA_PRAD_003,0.6225618203868576,7.895274634243903,1.3008025852215697,-2.5093287383713627,-1.1296229281454064,1.1486505098625637,-0.31670139141914355,4.468926469310549,3.133986793706773,-4.785352509871012
TCGA_PRAD_004,-4.588785113193673,0.3320525076654261,5.414722611848821,-3.2997211835279723,2.7340656137878088,5.0416031197700555,0.17226568307991144,-0.13160388953039392,2.4457148039698455,2.3918607243832826
TCGA_PRAD_005,0.6205709604367339,-3.8352776084758378,6.007523782642816,2.771211686096809,0.7998001681893877,-0.5732644623132825,1.7388006516568728,1.8067941824512663,1.7094814238265348,1.448884393623303
TCGA_PRAD_006,2.5933712074938615,-2.7321718689470984,7.678216527656895,1.6322363281675265,-4.585219022789722,-0.046469994279099716,-3.581995435215591,-3.132885685258791,3.892181203302763,-1.1090923188489583
TCGA_PRAD_007,0.4683035512071842,0.6601568646699714,5.223570165978012,4.273749206114954,-1.7671104814365939,-4.424099402990977,-1.4239941649868044,8.985568047621214,1.2353835166750202,-1.4622124642780325
TCGA_PRAD_008,-6.212073062321743,-0.42416453156587847,-12.783473617974131,1.6658052634613527,-2.6529831590254975,-1.9334756827854562,1.9704292042028573,-1.5437395502989653,3.5331768768095366,-3.6323279856826574
TCGA_PRAD_009,-6.212843402881126,4.074434843500895,0.3111936981645817,-0.4874551142190401,1.1516940158110904,1.4780829498366983,7.696908191830645,-1.3563273697735434,0.612897745821277,-4.7530438475395025
TCGA_PRAD_010,1.5120182328784035,-0.4320994835742373,1.8686103543409107,2.9857655943497425,1.1953288868651508,-3.9206227580411586,0.15336834865166551,-2.7805751193128905,0.8963894837605284,3.169445103293843
TCGA_PRAD_011,-5.509394544060949,-2.8046007841232905,-0.09557827929989043,3.222965737686676,-5.273401667073505,1.333596037535468,-3.636108827339612,3.356099788407858,8.980294843852919,0.2906668762185755
TCGA_PRAD_012,-1.984241865621578,3.975912914312614,-0.590074032982607,3.5492961484038723,0.9213397755864341,-6.1163876995809545,4.865289551581963,1.0125944340681814,0.1681932467156043,3.1644930458148246
TCGA_PRAD_013,-4.370581323350868,-6.582222051060931,2.4560302567907835,1.17235078441856,-1.966531094325904,2.9989875010990064,0.5099991738230122,-0.11527467709337422,-4.20291943616686,-2.717088980239712
TCGA_PRAD_014,1.1179365699139505,-2.4103739476290555,-4.220154686302406,5.169349308062009,-1.2991920203488743,-0.45236631260956217,1.3240933928097456,2.45486204301818,-1.4152289541769445,2.203415414163332
TCGA_PRAD_015,-2.574077234928696,1.8983770541076685,5.0185161112050825,-0.14484986336367503,-1.2716161001300768,1.0307258254849314,-1.9753373394689857,-1.5968413627990745,0.7820396299823473,5.443751894226641
TCGA_PRAD_016,-1.881406662861218,-1.322505086087342,-0.1182909746417886,1.6869952141533555,3.167695322826103,1.3772998599917536,6.20632362306821,3.607460390340476,4.620688196190154,6.22542030381694
TCGA_PRAD_017,-2.3599324346834982,-4.129426884906541,-2.925585138743184,1.4852699003477845,1.3562870638164597,5.346684939290923,0.5060896172511221,3.111284741375875,1.4949874450237006,-2.216039762125868
TCGA_PRAD_018,-5.889479307773959,-2.1105434253027604,-0.5330605113704986,2.2476254626083416,0.983954997317915,-9.720712188341164,-0.9801871152576768,-0.46437895836668946,2.3620627302342276,-0.010642812466705757
TCGA_PRAD_019,-6.165566178884735,2.6554199262425398,2.7522586303118337,1.2618018728793394,3.3184142264867735,1.888784868365662,1.5098089458348216,0.4801940835271473,-1.776820302919441,6.076969525820491
TCGA_PRAD_020,3.2664660000115764,2.316450691802506,1.9042887575620544,-0.5710028091967092,-4.3174168015125405,-5.481087120169694,0.734256889617835,0.8080409333276558,-2.8177539262601488,-0.07223396463334274
TCGA_PRAD_021,-4.3089693276651495,3.4517957433809325,-7.896924117228269,1.3387338594811287,8.328395605393387,-4.16841688390833,-7.658695755695978,-1.9222342287400507,-0.9463072932799115,-6.804707658164126
TCGA_PRAD_022,0.7648073804612957,1.1119309071913337,0.8433736970899278,1.2895046633018632,2.1472680708092846,0.0416709076358759,0.9413044820171905,3.1388980921886076,5.105077928951218,-1.881639470735542
TCGA_PRAD_023,5.585832921834953,0.3387611328053948,0.23317653502872246,-3.0619888223720912,-1.475556961472511,4.406085477941263,3.2545319534803347,-2.768429945240447,-0.5138889950109593,2.9117253560480796
TCGA_PRAD_024,-0.21213833860581913,-2.1993926459730155,3.8245534195584705,-3.3139436184291657,-1.0873917232305266,0.8492042399056661,4.5777223865494445,1.8769421982850578,2.9899683862028104,-2.2025872683324694
TCGA_PRAD_025,3.1158774151682684,6.191776270806309,0.6688069322869226,1.502626557367909,-2.112365376776708,0.2505378680185769,-0.615238712534068,-2.1666902385676567,0.5643441073346651,2.8558555735154325
TCGA_PRAD_027,-7.954585816325632,-3.7509368614019474,-2.329582522937159,1.004491960853951,4.3942587899174494,-1.482965155016562,-0.33905760377093197,-0.8384992403703246,-3.7428662839331572,0.6456604579406219
TCGA_PRAD_028,-6.085063065474594,-2.022294810480221,0.832895098056409,2.079733584311783,-5.327309366885091,9.194542824682294,2.4834525663374065,-1.109834217792028,2.500602824623959,4.151919235563116
TCGA_PRAD_029,1.8399684504305074,-2.2795453887202477,-2.197749839386625,1.311952185193344,-5.442235901521955,0.7517297079431648,5.155863905756339,-1.3069059992896048,1.104170199620079,-0.11685884938941189
TCGA_PRAD_030,3.9627022245688064,1.9818210357317398,-4.959509695796557,0.09941743867095294,-1.1280881505192295,1.1453823321467096,-4.049801414204239,1.7070433385781036,3.4964571333380547,-0.887713987039919
TCGA_PRAD_031,-2.5271385136837634,1.2755905738193043,1.5366942150490672,-2.264996221851234,1.4838709398420626,2.6132820805581476,1.4729932216469606,5.814722461190521,-1.3789748180959578,-1.392759177426861
TCGA_PRAD_032,2.23728635401623,1.2107538064232413,1.033621132382986,0.325818185952144,-0.1931519971546737,-3.219412048076941,1.2222335160461228,-2.6150778377423953,2.1040938596705883,0.18663321528143273
TCGA_PRAD_033,1.0317793151040378,2.8567817905393817,-2.103272806311218,3.450573150941888,3.242080542559015,2.808337063339095,0.8418450017983796,-7.515020918396471,-1.1063295328154705,-2.5378561939133353
TCGA_PRAD_034,-4.085877556097697,4.178250646195513,4.250455179606658,-6.041306756031277,-8.130015498361596,-5.629362488964054,-1.699435199697921,-3.3358499513243633,0.8357314080706942,-4.517412994035004
TCGA_PRAD_035,-3.701696741897485,-4.450638895248979,-4.608737324925204,2.4101988003800683,2.5870687554988,-4.379298143240958,0.45190910150851316,1.9127506413454114,-8.397022792431455,3.3561405998161455
TCGA_PRAD_036,0.5353135116507424,1.3708693216552876,4.591260149201762,4.548520398602396,-4.090397645488813,3.217847227013116,-2.385402069766038,6.479936065724133,1.968817771277483,1.6792282437404868
TCGA_PRAD_037,3.575866499640648,3.821025030983567,-1.3266989361795696,2.4049856326391335,-1.8200009998213487,-0.20102711242327082,-1.6900720172907422,4.045020089954013,3.6459985910084334,-4.285265055487744
TCGA_PRAD_038,-1.0413919243498264,4.055355881721074,1.7030524210693956,-3.591662770550942,-0.9666746892778765,-4.24072813703565,-4.813924024168157,3.192928683235568,2.8161269015538557,-1.0668667371990996
TCGA_PRAD_039,1.4448934552533115,-0.5325590295053679,1.1760992574055913,-1.6771818230818423,-4.178606471332386,1.3454247731613036,0.1647866265200428,-4.668525483212588,-3.408065766439552,-2.688326724748812
TCGA_PRAD_040,1.972186727048138,-2.063694480044788,-2.295441603685075,-0.7978526432824651,1.991117609509162,-3.641637852910275,1.8858153788976253,-2.589970905049565,2.3736325038006574,1.9047716505510832
TCGA_PRAD_041,-1.8130341771311282,-0.9355345937463716,2.0283118815607115,0.12630652342179502,-2.906919549189684,-1.2765558475616159,1.8251153361057602,5.983983098405916,-0.35537398827737465,2.33461757410837
TCGA_PRAD_042,2.679804676439057,-1.2747452680250404,-0.538392649033981,5.4455373738668555,1.4143516311145623,1.8486557833253463,-0.6409890932454911,-1.5663922766523044,1.4196493513796655,-2.4529825685949787
TCGA_PRAD_043,-1.3976715486917184,0.625489601364175,2.0458916887729113,-8.276266803394785,0.5815148603987904,-1.6874995997722257,-0.8561731914024571,0.3017362917454864,-0.4677669359986764,-2.8933841555993958
TCGA_PRAD_044,-2.2559658959213063,5.783092833797857,-1.248791604415769,3.478096386832925,-0.11506643540523208,-2.973054051344431,0.6751985293408073,-0.39733256412257884,3.8416982280155443,-0.6706699723941241
TCGA_PRAD_045,2.8023072960906923,2.986699585159918,2.096586798218023,2.418945978992014,-9.088677867115338,0.6853927442646459,-4.657039600094739,-5.0652335774923944,3.182173765827784,4.837688777500218
TCGA_PRAD_046,3.134353612464973,-0.33912091247651327,8.28025775539717,-1.5788096851246967,-3.5326085325885987,5.0437797015171055,1.3327525361494628,0.45434488298068715,-3.2521672117433096,-5.192746440754177
TCGA_PRAD_047,0.8853210325864669,-4.054221505963311,5.035485204995171,3.6613719914956646,1.522146462672601,1.8268287101123057,-1.637496729851182,-3.9926556173002594,4.499751476418313,-2.731640677656183
TCGA_PRAD_048,-1.156352720202147,-1.1323804637400454,-3.990818623074589,-0.888450188089637,-7.906726927592123,5.497548982296105,4.6688933284591725,-1.4022908668357585,-1.388793932383358,-1.076843163387406
TCGA_PRAD_049,-5.209308375105478,1.824602243938114,-2.6821530485793215,0.9720572735781161,-5.682310674658462,-1.6260867493214763,-3.56530156455002,-0.49097854135579994,3.2224556626763445,5.500625998164861
TCGA_PRAD_050,-2.2716297100951106,2.7244176949086505,0.756680044458131,-0.3718394876653772,-3.9396767329652307,-0.12566020934348046,-3.774234344289683,-0.7154754675735816,-1.140046976556367,-2.908225600672189
TCGA_PRAD_051,-3.5517603097997976,5.781950318703841,3.838395566027919,1.404051614010296,4.388542757518537,1.1953167853978484,-2.5004166717307985,-3.4791828618696745,-3.155304293326915,-1.5975351671946065
TCGA_PRAD_052,2.2242980741451404,-7.3517826804997055,-1.4929713226219714,0.4072295261097797,1.0961858945724228,4.234806462205411,1.6211741940105042,1.5126366544909706,-0.6770065532229821,-4.3465500991385175
TCGA_PRAD_053,-1.7295419859954737,3.6010033590582378,4.03004019875032,-3.7882921941656362,-0.7664913283627582,-3.1176544685710526,0.9654871887746964,-2.0529664323489034,-4.9277390452066365,3.3311917394179607
TCGA_PRAD_054,2.505924901013635,0.2038518879856523,-3.9286528119151853,0.7144679976631905,1.4016612169067626,3.4022168051070207,-0.9717322346373609,2.8510569224596787,-1.0396736536723816,0.6255782104412996
TCGA_PRAD_055,0.40848781111960636,2.2843197569895466,0.6022081147857516,0.8074102571318095,0.2850193197688484,-0.7797431758917936,-4.95283735143175,5.032053960453993,-5.960286361851544,-3.5530157248979086
TCGA_PRAD_056,6.215643055849771,3.2182018919766455,-0.4273206003181472,5.263704042644435,0.11747362095500817,-0.6273731875759682,1.4736416699314885,-0.774810274062357,-3.63238970924254,-0.5795638950372336
TCGA_PRAD_057,-4.820254516120386,-2.289529765545744,4.944887519664556,-0.08541997849571875,0.7634726765386871,-0.6028886748828748,-5.064911720021718,-2.432503933286608,-4.924049859043048,-1.4880227364525993
TCGA_PRAD_058,-0.22946005279376122,1.8466894675060115,-1.2216191339273932,1.00644991090135,4.058598918841113,1.497722595908509,4.452209542266757,0.6569427332398005,-4.604446520517206,0.22115942711004813
TCGA_PRAD_059,-5.79536487982662,2.431897809377194,2.493888412470622,-0.06416495639146055,-1.5266786685414853,-4.417082322920129,2.6165660202377463,-4.19438646378932,-1.4407153063877793,-0.3556186182706504
