gene,importance
GENE_0945,0.0022622169711510724
GENE_0368,0.0021008646589131155
GENE_1331,0.0018563549267019512
GENE_0490,0.0018510868871315796
GENE_0605,0.001777743767023194
GENE_0214,0.0017309865677139036
GENE_1746,0.0017181724008378974
GENE_0276,0.001686156472068663
GENE_0914,0.0016173447251514512
GENE_0588,0.0016061912181716508
GENE_0354,0.0015805468432177597
GENE_0757,0.0015605894231446702
GENE_0871,0.0015490642681733101
GENE_1585,0.0015416987103307076
GENE_1897,0.0015351776401710268
GENE_1844,0.0015345339624043281
GENE_1301,0.0014945579024627936
GENE_1961,0.0014906189943729735
GENE_0429,0.0014852570498887195
GENE_1970,0.0014807353929165222
GENE_1402,0.0014748846725976116
GENE_0753,0.0014595077708866456
GENE_0032,0.0014514009602789458
GENE_0385,0.0014487723032270633
GENE_0558,0.001446886163587438
GENE_1822,0.0014317732847018523
GENE_1116,0.0014248100218389745
GENE_1231,0.00142190493126776
GENE_1265,0.0014092348498236788
GENE_0437,0.0014010535056269897
GENE_0816,0.001395727003934433
GENE_0699,0.00139244313690758
GENE_1073,0.0013761293434292694
GENE_1949,0.0013718524326264876
GENE_1869,0.0013657773014077372
GENE_0635,0.0013645431000440104
GENE_0320,0.0013637752011639197
GENE_1208,0.0013559726130034945
GENE_1908,0.0013556432207552668
GENE_1751,0.0013535155971493558
GENE_1709,0.0013292175645385896
GENE_0219,0.0013280763237090117
GENE_0874,0.001323105343361379
GENE_1682,0.0013227270933758581
GENE_0296,0.001316692714563018
GENE_0498,0.0013039772620035111
GENE_0236,0.001294099340037747
GENE_0878,0.0012935551412357707
GENE_0500,0.0012929790068229535
GENE_1545,0.0012928569046185693
GENE_0581,0.0012911780964332963
GENE_1626,0.0012902046550981035
GENE_1957,0.0012849217589749288
GENE_0670,0.0012781359013479274
GENE_0731,0.001270568728850175
GENE_0151,0.001269912386118569
GENE_1734,0.0012668926323205405
GENE_1673,0.001262524576388359
GENE_1227,0.0012534736726342284
GENE_0722,0.0012512294628685807
GENE_1894,0.0012510347924040328
GENE_0809,0.0012484629579515528
GENE_0407,0.0012478256227374674
GENE_1381,0.0012456287082166437
GENE_0957,0.001232788188586007
GENE_0462,0.001227050110586491
GENE_1337,0.0012262941975182847
GENE_1834,0.001215603406782278
GENE_1207,0.0012106075292828513
GENE_0880,0.0012062344173181295
GENE_1919,0.0012039915323077996
GENE_1284,0.0012014835518864451
GENE_0336,0.0011981706307903756
GENE_1831,0.0011903709943838431
GENE_1353,0.0011828688333096098
GENE_1472,0.0011801158447034032
GENE_0251,0.0011721577955804432
GENE_0691,0.0011701695372791014
GENE_1019,0.001168626279183611
GENE_0797,0.0011670244797432898
GENE_1214,0.001162144390450469
GENE_1824,0.0011570228940568318
GENE_0055,0.0011546952144558488
GENE_0504,0.0011521781473323271
GENE_1701,0.0011463254096412809
GENE_0455,0.0011436249937976752
GENE_0250,0.0011365993038359341
GENE_0593,0.0011333450212002924
GENE_0842,0.001129212000630806
GENE_1639,0.0011275984505387394
GENE_1000,0.0011271343795284288
GENE_0383,0.0011231452581333856
GENE_0234,0.0011167277020214547
GENE_0630,0.001116383922029206
GENE_0433,0.0011101085413149328
GENE_1008,0.0011072047620725811
GENE_1986,0.0011070885386892833
GENE_1365,0.0011021549992279096
GENE_1996,0.0011020246339205426
GENE_0381,0.0011008602794203013
GENE_0477,0.0010994186237439604
GENE_0602,0.001097782615076898
GENE_1087,0.0010971007734385308
GENE_1177,0.0010968495670441575
GENE_1782,0.0010957752253876062
GENE_0190,0.0010953468123599144
GENE_1946,0.0010926065081585056
GENE_1062,0.001091899479780992
GENE_0382,0.0010914660328551643
GENE_0078,0.001090947418694507
GENE_1586,0.0010898901203259914
GENE_0149,0.001086634883695002
GENE_0515,0.0010845913414746998
GENE_0545,0.0010829857014285542
GENE_0288,0.0010819020765041303
GENE_1255,0.0010808733866685012
GENE_0315,0.0010804553509211193
GENE_0415,0.0010722324055384986
GENE_0749,0.001071871309258858
GENE_0966,0.001071696166393709
GENE_0143,0.0010684355322089344
GENE_0533,0.001068141285283694
GENE_0522,0.001067041323608221
GENE_1462,0.0010661903180299174
GENE_0808,0.0010638714845055612
GENE_1335,0.001062535916456242
GENE_0707,0.0010607856822683398
GENE_0438,0.001060181356790657
GENE_0557,0.0010522005153464136
GENE_1718,0.0010513539938452289
GENE_1926,0.0010501999342859406
GENE_1310,0.0010472384975165256
GENE_0774,0.0010464906368013438
GENE_1661,0.0010442081234633177
GENE_1264,0.00104379403185025
GENE_1283,0.0010424435584962379
GENE_0351,0.0010415643280690826
GENE_0821,0.0010413221306369252
GENE_1816,0.001037185117310806
GENE_0973,0.0010345845103931408
GENE_0237,0.0010313589110364381
GENE_1082,0.0010295518411930955
GENE_0981,0.0010293665244632455
GENE_1821,0.0010280229780565823
GENE_1827,0.0010261406436159436
GENE_0596,0.0010239302848717678
GENE_0168,0.0010197331731163013
GENE_1864,0.0010193579631537857
GENE_0450,0.0010192071271970641
GENE_1174,0.0010164170419840756
GENE_1794,0.001015515182132733
GENE_0896,0.0010143570941636428
GENE_1667,0.0010142256786551925
GENE_1880,0.0010133428196411362
GENE_0395,0.0010107740703717914
GENE_1483,0.001009246128109661
GENE_1430,0.001008606341677212
GENE_1980,0.0010084335374472317
GENE_1498,0.0010080757074741322
GENE_1872,0.0010073624849196935
GENE_1885,0.0010073129050353724
GENE_0614,0.0010034787567318305
GENE_1875,0.001002207482241632
GENE_0548,0.0010022019434243038
GENE_1911,0.001001702471477703
GENE_1464,0.0010007941028508493
GENE_0011,0.0010004919404200045
GENE_0308,0.0009887019019916023
GENE_0046,0.0009886312081491403
GENE_0696,0.0009871999132802759
GENE_0043,0.0009864344084083729
GENE_0138,0.0009863902771392158
GENE_0153,0.0009848040580083697
GENE_1397,0.0009832256185878252
GENE_0434,0.000982495148625036
GENE_1018,0.000981218787248989
GENE_0819,0.0009808619844796638
GENE_0999,0.0009799531205595738
GENE_0311,0.0009794807528877817
GENE_0650,0.0009770251927932253
GENE_1224,0.0009758127878281632
GENE_1493,0.0009749559610305997
GENE_1580,0.0009741915607988118
GENE_1290,0.0009736053862290739
GENE_0070,0.0009729111285433
GENE_1109,0.0009723373783424001
GENE_1995,0.0009711829694596215
GENE_0818,0.0009708011203106812
GENE_1903,0.0009700355523121343
GENE_0224,0.0009699752667404547
GENE_1655,0.0009696981286967092
GENE_0463,0.0009689662634412157
GENE_1455,0.0009686310571476744
GENE_1592,0.0009672659178717499
GENE_1738,0.0009661950098037421
GENE_1670,0.0009654333779987964
GENE_1459,0.0009634785861181383
GENE_0634,0.0009605722953765065
GENE_1749,0.0009599633179077307
GENE_0397,0.0009591210841524161
GENE_1675,0.0009587486057819065
GENE_1923,0.0009573887260839202
GENE_1246,0.0009566807139713976
GENE_1759,0.0009559253115505686
GENE_1781,0.000955114715627164
GENE_0328,0.0009530667886616329
GENE_1156,0.0009528894030011485
GENE_0195,0.0009522271877091
GENE_0007,0.0009522147428541388
GENE_1345,0.0009511523192923226
GENE_0885,0.0009497433222153765
GENE_0063,0.0009487624135964179
GENE_0427,0.0009468713943878367
GENE_1161,0.0009467177913687678
GENE_0424,0.0009464141934735526
GENE_1110,0.0009463750922170205
GENE_1443,0.0009453737738269426
GENE_1011,0.0009451956625446832
GENE_0207,0.000945186305767538
GENE_0133,0.0009449625616644756
GENE_0464,0.000943537810617443
GENE_1638,0.0009431889249056866
GENE_0839,0.0009422635622259962
GENE_1074,0.0009391606601357809
GENE_0264,0.000939129426903118
GENE_1654,0.0009389824036719655
GENE_0618,0.0009380425307731216
GENE_0725,0.0009346630448449426
GENE_1312,0.0009339143524073177
GENE_1072,0.0009316695192028312
GENE_0147,0.0009309494399330396
GENE_1760,0.0009300189824918899
GENE_1990,0.0009262169268277091
GENE_0348,0.0009254606975126848
GENE_1662,0.0009237835949403515
GENE_1258,0.0009216413200853972
GENE_1622,0.0009200995117100432
GENE_1936,0.000918483212617362
GENE_1608,0.0009183870550640281
GENE_0546,0.0009180172696606089
GENE_1548,0.0009173741954492507
GENE_0900,0.0009170056894230447
GENE_1409,0.0009167220026874117
GENE_0174,0.0009115268784708818
GENE_0014,0.0009111987253975492
GENE_0625,0.0009111811305223706
GENE_0182,0.0009110688890550012
GENE_0844,0.0009092161420137793
GENE_1342,0.0009076724390941158
GENE_1051,0.000905757421487018
GENE_1096,0.0009057426438094999
GENE_1121,0.0009044937367302993
GENE_0258,0.0009044469301765131
GENE_0269,0.0009039673869356322
GENE_1418,0.0009030553434871689
GENE_0822,0.0009016064470530943
GENE_0770,0.000901254537948521
GENE_0975,0.0008999698476356351
GENE_1488,0.0008999250952775401
GENE_0754,0.000897896669077858
GENE_1882,0.0008975466253720889
GENE_1870,0.0008955433923128182
GENE_1289,0.000895388931237621
GENE_1901,0.0008939487015190983
GENE_1633,0.0008934791219476671
GENE_1917,0.0008927443183681336
GENE_1686,0.0008909966202460095
GENE_1635,0.0008906587373512148
GENE_1322,0.0008890872246433717
GENE_0331,0.000887430905381396
GENE_0038,0.000887322065927524
GENE_0831,0.0008861692654301811
GENE_0374,0.0008849594177474971
GENE_1173,0.0008834647976089147
GENE_0203,0.0008789467319693918
GENE_1367,0.0008775665747643369
GENE_0513,0.0008764383907188768
GENE_0372,0.0008752981044919461
GENE_1294,0.0008750858719584315
GENE_0194,0.0008750771209188174
GENE_1700,0.0008748112186898608
GENE_0079,0.0008731888197712279
GENE_1085,0.0008717396024936292
GENE_0685,0.0008702486999337211
GENE_0529,0.0008699776806196654
GENE_1249,0.0008692611769337886
GENE_0253,0.0008689958165344874
GENE_1560,0.0008688407002832296
GENE_1383,0.0008681047199837333
GENE_1564,0.0008676806865491538
GENE_1974,0.0008648964776985083
GENE_1343,0.0008643472544943609
GENE_1774,0.0008641795385975403
GENE_0350,0.0008625849395085535
GENE_1089,0.0008620973094140712
GENE_0494,0.0008604886298784873
GENE_0029,0.0008599790186759413
GENE_0291,0.0008597684960819424
GENE_0157,0.0008589347058157969
GENE_1221,0.0008565266024116758
GENE_0394,0.0008528477659798994
GENE_0972,0.0008522465779611697
GENE_0884,0.0008504935321082134
GENE_1247,0.0008503853284756035
GENE_0864,0.0008481563067678255
GENE_1352,0.0008465982979861431
GENE_1099,0.0008463308442753792
GENE_1596,0.0008447782348622046
GENE_1678,0.0008429574274145056
GENE_0458,0.0008426522702401807
GENE_0965,0.0008408784691767824
GENE_0907,0.0008405474078150694
GENE_1629,0.0008396656379670231
GENE_1159,0.0008375007591207563
GENE_0059,0.0008373545400453484
GENE_1621,0.0008371511796264176
GENE_1593,0.0008369221515506137
GENE_0098,0.0008356263595804836
GENE_1419,0.0008346900456614333
GENE_0444,0.0008340350870570901
GENE_0134,0.0008337212898221428
GENE_1956,0.0008335210747509084
GENE_0932,0.0008326059174778602
GENE_0767,0.0008319499303810051
GENE_1494,0.000830970659955467
GENE_1761,0.000830828656273135
GENE_0804,0.0008306687949878088
GENE_0668,0.0008294553803900093
GENE_0200,0.0008285411209721829
GENE_0595,0.0008277985759869165
GENE_0520,0.0008276469009778348
GENE_0183,0.0008254521744031988
GENE_0056,0.0008254080121029623
GENE_1705,0.0008252052845984346
GENE_1575,0.0008247834407527473
GENE_0090,0.0008237170045397281
GENE_1950,0.0008229768115881668
GENE_1014,0.0008223482403661054
GENE_0485,0.0008220764285747052
GENE_1803,0.000821139039265003
GENE_0123,0.0008179592565607043
GENE_1407,0.0008170281304029484
GENE_0718,0.0008169139755460495
GENE_0409,0.000816775278236918
GENE_0683,0.0008158130410388888
GENE_0266,0.0008154574048434575
GENE_1789,0.0008153145756825434
GENE_1136,0.0008141118260663831
GENE_0008,0.0008140331785711981
GENE_1778,0.0008139098360480311
GENE_0459,0.0008128245154977954
GENE_0925,0.0008127492766093793
GENE_1549,0.0008118264148608462
GENE_1514,0.0008115532888823313
GENE_1708,0.0008104426315038557
GENE_0527,0.0008088964348464794
GENE_0528,0.0008074425855443727
GENE_1744,0.0008070194544821319
GENE_1213,0.0008061604107514038
GENE_0305,0.0008060833858395484
GENE_0768,0.0008058596615090432
GENE_1274,0.0008053364535222356
GENE_0694,0.000804198698340326
GENE_1881,0.0008035999958978965
GENE_0761,0.0008030824407271255
GENE_0337,0.0008028617257522198
GENE_1538,0.0008026896174267041
GENE_0439,0.0008004438749087368
GENE_0293,0.0008003558922847116
GENE_0248,0.0007999933314347862
GENE_1344,0.000798480226349287
GENE_1137,0.0007983887601588826
GENE_0172,0.0007979013098276107
GENE_1811,0.000797540198705301
GENE_0283,0.0007972247481370393
GENE_1185,0.0007966359539736292
GENE_0869,0.0007962479880795863
GENE_0015,0.000796159008682456
GENE_0379,0.0007954882655394362
GENE_1976,0.0007951582029893806
GENE_1830,0.0007944721854113561
GENE_1359,0.0007938581732021873
GENE_0030,0.000792097347133839
GENE_1758,0.0007894102368944159
GENE_0443,0.0007890594062775031
GENE_0556,0.0007887363709192212
GENE_1318,0.0007886555967891719
GENE_1829,0.0007873550168726556
GENE_0166,0.0007870902485867232
GENE_1197,0.0007862385516522308
GENE_0849,0.0007860808436070468
GENE_0970,0.0007858953357024168
GENE_1288,0.0007855473823820464
GENE_1184,0.0007847018445619341
GENE_1582,0.0007846813778141036
GENE_0544,0.0007842857848384179
GENE_1269,0.0007841851011457962
GENE_0012,0.000783762189028708
GENE_0553,0.0007834382181824284
GENE_1404,0.0007831540371878641
GENE_1958,0.0007813544466246414
GENE_1891,0.0007797730265420123
GENE_0700,0.0007797575115463775
GENE_0577,0.0007797326950456445
GENE_0654,0.0007782002829659462
GENE_1929,0.0007779049155974132
GENE_0165,0.0007771283449918529
GENE_1086,0.0007761614754162463
GENE_1406,0.0007759298997057378
GENE_1851,0.0007759182861699993
GENE_1677,0.0007742955931331115
GENE_0367,0.0007725146883041383
GENE_0389,0.0007724588060422333
GENE_1813,0.0007722017553296828
GENE_1616,0.0007715714931498403
GENE_1233,0.0007712734268951834
GENE_0188,0.0007706225495947467
GENE_1326,0.0007706042958222418
GENE_1599,0.0007693761223114787
GENE_0371,0.0007691120124764854
GENE_1918,0.0007687457733070276
GENE_0771,0.0007678645447342588
GENE_0093,0.0007676329543924634
GENE_1576,0.0007648621436529074
GENE_1356,0.0007642909858053058
GENE_0040,0.0007637171186098338
GENE_0858,0.0007634793275597681
GENE_0456,0.0007608076236218382
GENE_0855,0.0007600305129601925
GENE_1012,0.0007591247539021684
GENE_1351,0.0007580172618571319
GENE_1167,0.0007576602460361668
GENE_1754,0.0007568463523635735
GENE_0751,0.0007562305921262527
GENE_1577,0.0007561440894533985
GENE_1509,0.0007557871969668233
GENE_1002,0.0007551682079947282
GENE_1452,0.0007537275234431592
GENE_0600,0.0007534582753823876
GENE_0295,0.0007531700391262799
GENE_1440,0.0007530959715910287
GENE_0285,0.000753028391398157
GENE_0599,0.0007525849502639881
GENE_1016,0.0007523728322232816
GENE_1154,0.0007522287404410716
GENE_1248,0.0007506159741773505
GENE_1023,0.0007496146420716288
GENE_1448,0.0007494226562190281
GENE_0730,0.0007485992611621047
GENE_1305,0.0007482573596341368
GENE_1473,0.0007476005972210288
GENE_1114,0.0007475978312675506
GENE_1195,0.0007464564900148568
GENE_0810,0.0007464331683890511
GENE_0268,0.000746401527634241
GENE_0451,0.0007463549693303782
GENE_0631,0.0007449034764061413
GENE_1105,0.000744825831586656
GENE_1780,0.0007444364579500258
GENE_1017,0.0007435934664049191
GENE_0401,0.0007432022177106259
GENE_1088,0.000743057879003485
GENE_1168,0.0007422090654523717
GENE_1130,0.0007417072784175356
GENE_0661,0.0007412614858560466
GENE_0312,0.0007403798534583962
GENE_1964,0.0007400859764614701
GENE_0223,0.0007393145913422459
GENE_1077,0.0007375095839569163
GENE_0922,0.0007368679381472108
GENE_1194,0.000736704995162587
GENE_1612,0.0007366630773785702
GENE_1209,0.0007358354466493617
GENE_0108,0.000735441766452754
GENE_1275,0.000735098868272222
GENE_1553,0.0007326918972418595
GENE_1561,0.0007317164924773371
GENE_1064,0.0007315892765387519
GENE_1909,0.0007306845198722145
GENE_0935,0.0007304805600048552
GENE_0851,0.0007295956412243944
GENE_0160,0.00072865381059509
GENE_1733,0.0007284290664818427
GENE_0911,0.0007283407848076173
GENE_0903,0.0007261950525821752
GENE_1942,0.0007255321398243061
GENE_1627,0.0007248444620911724
GENE_1354,0.0007246286849524161
GENE_1171,0.000724322362634023
GENE_0366,0.0007241003279640303
GENE_0099,0.0007236241036768611
GENE_0678,0.0007235314760964029
GENE_0225,0.000722064645653667
GENE_1361,0.0007217074057516159
GENE_1239,0.0007214295771174839
GENE_0606,0.0007212012441641144
GENE_0421,0.0007209614384667162
GENE_0164,0.0007208455311153646
GENE_0019,0.0007202226730747706
GENE_0097,0.000720195359434898
GENE_1756,0.0007198083571045507
GENE_1187,0.0007193550981304384
GENE_1963,0.0007182300371531309
GENE_0899,0.0007177447049617069
GENE_0776,0.0007176858214727232
GENE_1334,0.0007168704128245165
GENE_0193,0.0007164568739324456
GENE_1295,0.0007164093978449813
GENE_0572,0.0007144079918770742
GENE_1147,0.0007143984780164912
GENE_1375,0.0007137808656812347
GENE_0089,0.000713185723232574
GENE_0788,0.0007130209446499874
GENE_1814,0.0007125678046998788
GENE_0971,0.000712536023874295
GENE_1853,0.0007106329739260388
GENE_1170,0.0007099646313622863
GENE_0624,0.0007098591891080672
GENE_1920,0.0007086251255633166
GENE_0655,0.0007084481617765672
GENE_0617,0.0007072643126280756
GENE_1631,0.000705907712629924
GENE_1447,0.0007050866698799135
GENE_1489,0.0007050659442295291
GENE_0895,0.0007047951825315369
GENE_1951,0.0007042076796185134
GENE_0117,0.0007041185750069063
GENE_1348,0.0007040888863003709
GENE_1095,0.0007039525063861662
GENE_0524,0.000703618801548536
GENE_0125,0.0007035138848900971
GENE_1762,0.0007035045694227207
GENE_0543,0.000703374307970494
GENE_1618,0.0007028696581290668
GENE_1578,0.0007026827499357402
GENE_0127,0.0007024495515971659
GENE_1674,0.0007008633037423578
GENE_1691,0.0007007718191464879
GENE_0448,0.000700117968048567
GENE_1304,0.0006999964400666633
GENE_1234,0.0006999746399439349
GENE_1628,0.0006999209401792032
GENE_0571,0.0006993901306012145
GENE_0514,0.0006989685422773385
GENE_0240,0.0006987560378404148
GENE_0132,0.0006979937722697093
GENE_0136,0.0006976452884458592
GENE_0287,0.0006974206967276485
GENE_0835,0.000697266836338285
GENE_1609,0.0006969871679770334
GENE_1029,0.0006968101221831998
GENE_1118,0.0006967958800600376
GENE_1436,0.0006958190290732996
GENE_0716,0.000693768382203703
GENE_1347,0.000693485636837796
GENE_1868,0.0006930520262883746
GENE_0943,0.0006927830319086457
GENE_0714,0.0006926213217920649
GENE_0238,0.0006919263713719467
GENE_1855,0.000691131863829239
GENE_1741,0.000690765280857102
GENE_0242,0.0006906601144097902
GENE_0541,0.0006900852535644186
GENE_1148,0.0006895547904476621
GENE_1997,0.0006893869074059601
GENE_1722,0.0006886564746998926
GENE_1010,0.0006886197892641118
GENE_0583,0.0006883425454352911
GENE_1755,0.0006875750778561925
GENE_0218,0.0006871707354415706
GENE_1133,0.0006867498513806384
GENE_0403,0.0006864851689715964
GENE_0897,0.0006862327417620517
GENE_1212,0.0006860345624815574
GENE_0349,0.0006855898830783056
GENE_1551,0.0006854915480557761
GENE_0033,0.0006852247991115684
GENE_0267,0.0006849390542751818
GENE_1111,0.0006845831788534403
GENE_0004,0.0006845684836695845
GENE_0256,0.0006844637987366644
GENE_0187,0.0006829456126322738
GENE_0387,0.0006821084542007536
GENE_0503,0.0006814484707923938
GENE_0413,0.0006813311790646652
GENE_1792,0.0006811671378793628
GENE_1695,0.000680514130958004
GENE_1650,0.0006796079395939279
GENE_0452,0.0006793509660304192
GENE_1190,0.0006788239235187169
GENE_0420,0.0006787557438892786
GENE_1731,0.0006787312686663831
GENE_0232,0.0006776824322721718
GENE_0509,0.000677575705942946
GENE_0410,0.0006761476283476315
GENE_1445,0.0006752173148270135
GENE_1270,0.0006751280357493205
GENE_1006,0.0006745428215287685
GENE_1126,0.0006742724460107877
GENE_0359,0.0006736946497607606
GENE_0958,0.0006718835686509803
GENE_1597,0.0006708972441195947
GENE_1151,0.0006706798415588668
GENE_0629,0.0006688615736902886
GENE_0324,0.0006685286222697386
GENE_0261,0.0006671773776710235
GENE_1637,0.0006670098783871122
GENE_0094,0.0006668430276852243
GENE_1528,0.0006668056862656123
GENE_1191,0.0006663143282884945
GENE_0408,0.0006662599799767546
GENE_0393,0.0006655340407168996
GENE_0590,0.0006651731408507021
GENE_0747,0.000664841829229795
GENE_0796,0.0006636414704594572
GENE_1763,0.0006631443076344816
GENE_1552,0.0006629194795124961
GENE_0673,0.0006625764017955747
GENE_0719,0.0006622001958137132
GENE_0913,0.0006620027488932516
GENE_1905,0.0006613812179905396
GENE_0991,0.0006605681871591923
GENE_0254,0.0006598880129088006
GENE_1080,0.0006593372805639451
GENE_1163,0.0006581858072910728
GENE_0239,0.0006579727957131675
GENE_1278,0.0006579703313529247
GENE_0793,0.0006578872986423944
GENE_0352,0.0006574150741865974
GENE_1952,0.0006572374420291699
GENE_1460,0.0006571701443935232
GENE_0806,0.000655802812306107
GENE_1727,0.0006547419173283776
GENE_1427,0.0006544312553034715
GENE_1057,0.0006537457919849278
GENE_1279,0.0006535771513332168
GENE_1466,0.0006535768467988611
GENE_1791,0.000652608602393878
GENE_0902,0.000652511064844046
GENE_1145,0.0006514675367831065
GENE_1526,0.0006513840930367539
GENE_0034,0.0006504425419717247
GENE_1422,0.0006504392332468711
GENE_0997,0.0006503478672857095
GENE_0570,0.0006502264529365146
GENE_0488,0.0006494254409745153
GENE_0002,0.0006479333835812001
GENE_1124,0.0006477724403638488
GENE_0769,0.0006475396879205759
GENE_0071,0.0006471383561088571
GENE_1293,0.0006471096677354986
GENE_0785,0.0006468244640403536
GENE_0921,0.0006464397421783954
GENE_0964,0.0006461759934410861
GENE_0717,0.000645926785075388
GENE_1104,0.0006458087182414128
GENE_0564,0.0006449438677970474
GENE_1584,0.0006447596832970616
GENE_0940,0.0006443418594391207
GENE_1303,0.0006442302512179729
GENE_0154,0.0006434400159517042
GENE_0792,0.0006430129404882906
GENE_1158,0.0006428383963665228
GENE_0171,0.0006425894400694045
GENE_0471,0.0006411528847116959
GENE_0102,0.0006384176719776429
GENE_1449,0.0006383495533372882
GENE_0048,0.0006381842202720842
GENE_0303,0.000638131327430861
GENE_1108,0.0006374922794111971
GENE_1820,0.0006373238384610457
GENE_0114,0.0006368612666969068
GENE_1887,0.0006366798769702159
GENE_0679,0.0006356690106633862
GENE_1385,0.0006353860766536514
GENE_0205,0.000635150169750453
GENE_1860,0.0006347289703317513
GENE_1730,0.0006338069254303126
GENE_0516,0.0006331621005471824
GENE_1189,0.0006331186687055654
GENE_0474,0.0006322862343799713
GENE_0868,0.0006321010875509468
GENE_0375,0.0006320179455893891
GENE_1243,0.000631849189320318
GENE_1960,0.0006315058872778299
GENE_0611,0.0006308608638539602
GENE_1605,0.0006306597403205378
GENE_1664,0.0006298006374428313
GENE_0499,0.0006294927861986017
GENE_1953,0.0006287787766085993
GENE_1972,0.0006280630235821748
GENE_0338,0.0006278429720159969
GENE_0663,0.0006277331267648562
GENE_1321,0.0006274195687219076
GENE_1632,0.0006271741846314784
GENE_1647,0.0006269646229732884
GENE_1532,0.0006268593496408862
GENE_1852,0.0006267569430916656
GENE_1296,0.0006263249395061878
GENE_1624,0.0006259150195721652
GENE_1531,0.0006254588846681059
GENE_0530,0.0006247149244822452
GENE_1815,0.0006241539404476704
GENE_0783,0.0006238222524206886
GENE_0623,0.0006232407086289498
GENE_0493,0.000622304540488926
GENE_0537,0.0006220109086235601
GENE_0843,0.0006218761166106207
GENE_0018,0.0006212636701951223
GENE_0506,0.0006209207132238644
GENE_1516,0.0006208247990929642
GENE_0230,0.0006198955211024835
GENE_0263,0.0006188945417707329
GENE_1913,0.0006180901859887102
GENE_1047,0.0006173253602994014
GENE_0294,0.0006164297098298268
GENE_1230,0.0006162287251992716
GENE_0362,0.0006148537856392552
GENE_0281,0.0006145395645958476
GENE_0642,0.0006141612991083204
GENE_0672,0.000614102341709106
GENE_0744,0.0006135402793987737
GENE_0284,0.0006135062915103789
GENE_1973,0.0006132761479081735
GENE_1329,0.0006117091794348097
GENE_1847,0.000611584852319311
GENE_1544,0.0006109979262862957
GENE_0412,0.0006105570479407078
GENE_1320,0.0006102526979642194
GENE_0465,0.0006088937364396658
GENE_0766,0.0006085785246107337
GENE_1218,0.0006082807949277083
GENE_1400,0.0006076051237050156
GENE_1948,0.0006073136495623497
GENE_1069,0.0006062476670299371
GENE_0728,0.0006061825822158098
GENE_1856,0.000606102451314412
GENE_0054,0.0006054753049136917
GENE_0784,0.0006052893728403128
GENE_0865,0.0006050944634090155
GENE_1388,0.000604833037771156
GENE_1461,0.0006047298576700615
GENE_1659,0.0006043871817886145
GENE_1732,0.0006028148940424888
GENE_0817,0.0006026398564292045
GENE_0316,0.0006024366070879218
GENE_1902,0.0006023008743866685
GENE_0562,0.0006017574853882309
GENE_0576,0.0006010547066832095
GENE_0510,0.0006008466545197596
GENE_0561,0.0006000784158845671
GENE_1276,0.0005996868776739427
GENE_1220,0.0005992775145601882
GENE_1555,0.000598919157861673
GENE_1232,0.0005986193491236435
GENE_1748,0.0005981723416882386
GENE_1804,0.000598146796133962
GENE_0466,0.0005980674716221887
GENE_1070,0.0005977709858972026
GENE_0141,0.0005976189694087606
GENE_0052,0.0005974171811804474
GENE_0181,0.0005962902250304424
GENE_1653,0.000596157860867047
GENE_1299,0.0005959439975365663
GENE_0414,0.0005955993771377364
GENE_1904,0.0005954280857839568
GENE_0026,0.0005953745176876207
GENE_1947,0.0005952439523791272
GENE_1169,0.0005938411615308664
GENE_0640,0.0005935449124582529
GENE_1610,0.0005928080591054467
GENE_1832,0.0005926985470031909
GENE_0830,0.0005925429581638491
GENE_1939,0.00059248506571701
GENE_1450,0.0005917388236771811
GENE_0740,0.0005909192231579665
GENE_0920,0.0005904600679686085
GENE_0365,0.000589781361188338
GENE_1524,0.0005897787257846396
GENE_1572,0.000589436461011663
GENE_1965,0.0005887093410078073
GENE_0982,0.0005882781311261354
GENE_1998,0.0005879272229489842
GENE_1485,0.0005876936913639303
GENE_1380,0.0005868024557135605
GENE_1703,0.0005867847862912809
GENE_1431,0.0005863625531302378
GENE_0319,0.0005859777014130417
GENE_1795,0.0005856022530186365
GENE_0750,0.0005854840833745101
GENE_0244,0.000585018246183053
GENE_0178,0.0005849351437661797
GENE_1989,0.0005841026378573924
GENE_0786,0.000583914045097588
GENE_1084,0.0005838192213988411
GENE_0231,0.0005835230467499845
GENE_0805,0.0005834183316709539
GENE_0457,0.0005833732296741793
GENE_1652,0.0005829525386546075
GENE_1054,0.0005821965544682721
GENE_0204,0.000581608063254123
GENE_1981,0.0005812973251841116
GENE_1837,0.00058037068771131
GENE_0720,0.0005791989389445028
GENE_0144,0.0005789241375482377
GENE_1324,0.0005782198115075711
GENE_1723,0.0005780956884511923
GENE_0626,0.0005770429226936416
GENE_1456,0.0005762828913235495
GENE_0555,0.0005760998493187127
GENE_0664,0.0005759973051639315
GENE_1425,0.0005748939901315331
GENE_1314,0.0005748794184968096
GENE_0274,0.000574199182926782
GENE_0985,0.000573571473874382
GENE_1636,0.0005732587373154614
GENE_1336,0.0005731603978752932
GENE_0959,0.0005730553086343391
GENE_0653,0.0005726995404531891
GENE_1463,0.0005726655460767205
GENE_1438,0.0005712210841064237
GENE_1211,0.000571014264895602
GENE_0954,0.0005698962713732412
GENE_0020,0.0005689844973706409
GENE_1771,0.0005688167184030019
GENE_1619,0.0005684762343133086
GENE_0454,0.0005675349231421909
GENE_0847,0.000567271546367156
GENE_1357,0.000566822427982649
GENE_1198,0.0005662296186318752
GENE_0064,0.0005661460299139709
GENE_0051,0.0005660951692592086
GENE_0377,0.0005660470405117065
GENE_0473,0.0005658232315597231
GENE_1898,0.0005648889348016588
GENE_1022,0.0005644903363005302
GENE_0934,0.0005640677377912377
GENE_0110,0.000563481565508478
GENE_0449,0.000563455308533287
GENE_1421,0.0005632359453305794
GENE_1556,0.0005630703285626285
GENE_0833,0.0005630063601276403
GENE_1217,0.0005629301323938433
GENE_1021,0.0005627475975574475
GENE_1035,0.0005621908534180845
GENE_0388,0.0005620912798687454
GENE_1793,0.0005615294408019065
GENE_1819,0.0005610957834310833
GENE_0745,0.0005608310148667103
GENE_1642,0.0005606410204100657
GENE_1557,0.0005605585729156297
GENE_1368,0.0005601694820187475
GENE_0318,0.0005600947615590858
GENE_0729,0.0005591269368854046
GENE_1382,0.0005586468993010358
GENE_0969,0.000558107312195801
GENE_1273,0.0005570066949343911
GENE_1504,0.0005569349413181258
GENE_0119,0.0005552021520388951
GENE_1420,0.0005550967931602499
GENE_0103,0.0005539779852693797
GENE_0121,0.0005528687384369437
GENE_0271,0.0005522956302617186
GENE_0676,0.0005519444930748953
GENE_0356,0.0005512918065808696
GENE_1210,0.0005512619357737093
GENE_0347,0.0005505698250569004
GENE_1978,0.0005499778780480097
GENE_0467,0.0005497540610394858
GENE_0044,0.000549070012726206
GENE_0333,0.000548667216947866
GENE_0723,0.0005486548632744468
GENE_0325,0.0005482899779441922
GENE_0422,0.0005476597554622894
GENE_1340,0.0005466959650326066
GENE_0304,0.0005459592056577373
GENE_1346,0.0005458024617177459
GENE_1690,0.0005454735282587554
GENE_1259,0.0005454512902343115
GENE_0582,0.0005452687120380993
GENE_0073,0.0005451875175882667
GENE_1710,0.0005451798091373008
GENE_1253,0.0005451715000867352
GENE_0309,0.0005445297705366652
GENE_0724,0.0005442705310173671
GENE_1579,0.0005440710128565119
GENE_1398,0.0005436127481912175
GENE_1525,0.0005432208054552922
GENE_0931,0.0005431571086407002
GENE_0523,0.0005430035171181705
GENE_0883,0.0005429629128073738
GENE_1540,0.0005425179724585715
GENE_1857,0.0005422206463690614
GENE_1308,0.0005419979155819656
GENE_1912,0.0005410147186884004
GENE_0021,0.0005406203901189915
GENE_0080,0.0005402338172635208
GENE_1620,0.0005393744452682575
GENE_0950,0.0005390032859835667
GENE_1515,0.0005379386250986137
GENE_0453,0.0005379386059424037
GENE_0866,0.0005379079965920886
GENE_0838,0.0005364887273084296
GENE_1688,0.0005363787120042048
GENE_0390,0.0005357699171556383
GENE_0986,0.0005353813451322259
GENE_0480,0.0005348414408640893
GENE_0568,0.0005347792287129419
GENE_0159,0.000534717871107365
GENE_1590,0.0005338981575591048
GENE_0196,0.0005337587977811559
GENE_1454,0.0005336834430211537
GENE_0538,0.0005332079335118139
GENE_1042,0.0005331783218751905
GENE_1394,0.0005329767762267856
GENE_1767,0.0005329318189552771
GENE_0574,0.0005322606141557023
GENE_1132,0.0005322144484873682
GENE_1143,0.000531710257249664
GENE_0709,0.0005316535140631823
GENE_0946,0.0005316439428574884
GENE_0926,0.0005313675721585264
GENE_1707,0.0005310064557171982
GENE_0591,0.0005309320828032958
GENE_1330,0.0005305886309965388
GENE_1806,0.0005302377031656758
GENE_1467,0.0005295125836535769
GENE_0984,0.0005291597622981295
GENE_1574,0.0005288649008182785
GENE_0191,0.0005282357397247748
GENE_1479,0.0005278390351297441
GENE_1015,0.0005277332288583028
GENE_1940,0.0005265710696037022
GENE_1363,0.0005257977539040597
GENE_1442,0.0005254277068945218
GENE_0378,0.0005252081217099196
GENE_1120,0.0005252007325269271
GENE_1630,0.0005248048393979647
GENE_1921,0.0005247405973931587
GENE_0100,0.0005244675263670984
GENE_0013,0.0005242913717798145
GENE_0698,0.0005241697759284968
GENE_0886,0.0005239407350597969
GENE_0492,0.0005228572339092461
GENE_1328,0.0005219364667069882
GENE_0461,0.0005216530463860303
GENE_1797,0.0005206821944066243
GENE_1770,0.0005203405581555028
GENE_0487,0.0005200553832209278
GENE_1063,0.0005198479808933801
GENE_1896,0.0005197581729432569
GENE_1261,0.0005184346968120996
GENE_0960,0.0005183082417689531
GENE_0854,0.0005179742223015133
GENE_0607,0.0005174540026708096
GENE_0057,0.0005172325669830915
GENE_0358,0.0005162975019771408
GENE_0426,0.0005159085568901104
GENE_1915,0.000515599319648107
GENE_1818,0.0005155922525034844
GENE_1374,0.00051534198091545
GENE_1646,0.000515148916654759
GENE_0850,0.0005150287063148821
GENE_0857,0.0005142049536577397
GENE_1150,0.0005141078598569493
GENE_1987,0.0005137159901523448
GENE_0772,0.0005133813468793116
GENE_1107,0.0005133088697309634
GENE_1706,0.0005132679108137302
GENE_1451,0.0005131444742993433
GENE_0789,0.0005129665328357424
GENE_1453,0.0005129240911532616
GENE_1613,0.0005128352425382988
GENE_1775,0.0005125528900474024
GENE_0475,0.0005122811483355875
GENE_0508,0.0005113827584041204
GENE_1914,0.0005111344770419003
GENE_1405,0.0005106858687769383
GENE_1569,0.0005104731597858407
GENE_1206,0.0005094784392995214
GENE_1535,0.0005090343838303379
GENE_1665,0.0005090262466029093
GENE_0782,0.0005084109160450671
GENE_1205,0.0005082352324899158
GENE_0177,0.0005069433657716951
GENE_0845,0.0005064944552207857
GENE_0889,0.0005063382723753321
GENE_1587,0.0005058944431468914
GENE_1519,0.0005058876548957763
GENE_0197,0.0005053834737899477
GENE_0478,0.0005050820813356666
GENE_1497,0.000504781439860351
GENE_0713,0.0005043562351962041
GENE_1743,0.0005042577096956811
GENE_0996,0.0005035690064841686
GENE_0511,0.0005034301540339807
GENE_1858,0.0005034194144762065
GENE_1648,0.0005032993815832351
GENE_0898,0.000502753053506286
GENE_1435,0.0005021584299102769
GENE_0519,0.0005020183220006309
GENE_1938,0.0005007134503085298
GENE_0735,0.0004999761827777911
GENE_0084,0.0004996936903108983
GENE_1615,0.0004992073317619783
GENE_0532,0.000498873376737773
GENE_1091,0.0004983791112622132
GENE_1470,0.000498054144883893
GENE_1533,0.0004977731502108678
GENE_1601,0.0004964196139930674
GENE_0380,0.0004953903406643633
GENE_1048,0.0004952864876953737
GENE_1484,0.0004952273628621366
GENE_0620,0.000494560462459762
GENE_0881,0.0004944883367793929
GENE_0993,0.0004943089170833507
GENE_1530,0.0004943071490798683
GENE_0005,0.0004941494834987228
GENE_1193,0.0004940687931545364
GENE_1223,0.0004928056725145578
GENE_0107,0.0004927836778898041
GENE_0198,0.0004924296199699589
GENE_1266,0.0004923044295850986
GENE_1024,0.000492210185219792
GENE_1339,0.0004918913713746581
GENE_1717,0.0004915098706287402
GENE_0082,0.0004914249089958501
GENE_1737,0.0004911241069343197
GENE_0364,0.0004909703850854736
GENE_0924,0.0004906398125259872
GENE_0827,0.0004897783527712125
GENE_1140,0.000489714968391944
GENE_0370,0.0004892685474178651
GENE_1988,0.0004892242153863876
GENE_1389,0.0004890956927571257
GENE_0551,0.000488987785305242
GENE_1966,0.0004889742037143391
GENE_1527,0.00048818449467143496
GENE_1747,0.000487531350655434
GENE_1139,0.0004873642719257763
GENE_1669,0.00048684901748744983
GENE_1188,0.0004863126179543533
GENE_0823,0.00048567502292984425
GENE_1245,0.00048560677031243875
GENE_1387,0.0004856041046688957
GENE_0047,0.00048508717773085926
GENE_1685,0.0004848119019712414
GENE_0286,0.00048429192884565347
GENE_1414,0.0004827980321442377
GENE_1854,0.0004823591086991386
GENE_1196,0.00048207264905656224
GENE_0918,0.0004818546833964495
GENE_1083,0.00048156779794153497
GENE_0951,0.00048151124156608116
GENE_0732,0.0004813788398477886
GENE_0836,0.0004813717054053248
GENE_0612,0.0004809076341147925
GENE_1521,0.0004807984261482374
GENE_1910,0.00048011122434782013
GENE_1003,0.0004785741263000163
GENE_1955,0.00047842596283227326
GENE_0139,0.00047838642934123007
GENE_1937,0.00047784279463134653
GENE_0243,0.0004776166159847442
GENE_1783,0.00047689920702269145
GENE_1684,0.0004760711863907186
GENE_0820,0.00047579176073867744
GENE_1052,0.0004755659673411342
GENE_1932,0.0004751822768030826
GENE_1492,0.0004724541230805869
GENE_0794,0.0004716778295040526
GENE_0277,0.00047148313338129236
GENE_0065,0.0004712070977258359
GENE_1128,0.0004711802088410714
GENE_0189,0.00047109320702882086
GENE_0799,0.000468830044744212
GENE_1134,0.0004686893033771283
GENE_1226,0.00046743268322779936
GENE_1679,0.00046713378320117953
GENE_0066,0.0004668301319520051
GENE_1607,0.0004667942654849161
GENE_1716,0.00046633599550211457
GENE_0279,0.00046607795724931374
GENE_0690,0.00046547505276570573
GENE_0756,0.0004654538391325308
GENE_0795,0.000465318404833584
GENE_0853,0.0004651779990984541
GENE_0870,0.000465139465354277
GENE_0644,0.0004649545178609656
GENE_0400,0.0004629577368177755
GENE_1606,0.0004624833139411147
GENE_0036,0.0004621258876963567
GENE_1886,0.00046194291193048036
GENE_1281,0.00046151826465479716
GENE_0212,0.00046061164478159036
GENE_1144,0.00045999202600815635
GENE_1362,0.00045943533090226973
GENE_0262,0.00045930620469116564
GENE_1078,0.0004588121932918554
GENE_0949,0.0004572271248355574
GENE_1076,0.0004570416679748455
GENE_1833,0.0004567454825413464
GENE_0929,0.00045646652623689536
GENE_0081,0.0004563533010220646
GENE_1766,0.000455542753573078
GENE_1863,0.00045406480186108454
GENE_1884,0.00045380501818632
GENE_1482,0.00045350738707261324
GENE_0979,0.00045275102017785986
GENE_1370,0.0004526269726127575
GENE_1242,0.0004523948611991714
GENE_0910,0.0004522703703365729
GENE_1604,0.0004514955148904256
GENE_0468,0.000451378647793506
GENE_1871,0.0004513780547881537
GENE_0824,0.0004510349266854631
GENE_0111,0.00045045808338086606
GENE_0609,0.0004504218840706597
GENE_1849,0.00044985043366468046
GENE_1216,0.00044971246320437596
GENE_1162,0.00044941178823160584
GENE_1634,0.00044925641799056234
GENE_0227,0.00044905192557795516
GENE_1979,0.0004488087115480822
GENE_1038,0.0004486038999507223
GENE_1859,0.0004484226332552534
GENE_1372,0.00044740740795950074
GENE_1203,0.0004473193600425182
GENE_0215,0.0004472000005386853
GENE_0075,0.0004469073758100599
GENE_1500,0.0004468841664614877
GENE_1558,0.0004465094231725499
GENE_0045,0.00044647388678489727
GENE_0615,0.0004462128275564227
GENE_0955,0.00044395394680803
GENE_1928,0.0004436744540119645
GENE_1779,0.00044295691138641067
GENE_0531,0.00044279492765967227
GENE_0363,0.00044225039343387396
GENE_1090,0.0004416528241151842
GENE_1542,0.0004413551214554744
GENE_0584,0.0004411075898393891
GENE_0733,0.00044076118870548686
GENE_0411,0.00043991771712618126
GENE_0192,0.00043975863715959147
GENE_0211,0.0004394744396528102
GENE_1036,0.00043908877505610455
GENE_0916,0.0004389048631453742
GENE_0762,0.00043867548780501743
GENE_0841,0.0004386464367171328
GENE_1424,0.0004383572422504553
GENE_0025,0.0004377568535424123
GENE_0938,0.00043728171337368855
GENE_0091,0.0004371065973960712
GENE_0009,0.00043687266153774135
GENE_1127,0.00043605188518201044
GENE_0300,0.0004356249089536075
GENE_1933,0.0004345213102135904
GENE_1512,0.0004342291247702775
GENE_1962,0.0004338363406614662
GENE_1777,0.000432627320177238
GENE_1297,0.00043234805306108866
GENE_0022,0.0004322005201490418
GENE_0469,0.0004308821332855169
GENE_0156,0.00043061083069240077
GENE_1954,0.00042959942279451285
GENE_0983,0.00042950970142581463
GENE_1471,0.00042855226837313005
GENE_0425,0.0004273090999389449
GENE_1135,0.0004267930774539226
GENE_0249,0.00042652066143287906
GENE_0901,0.0004261901550319924
GENE_1874,0.0004258778555650019
GENE_0645,0.0004256641134569324
GENE_1176,0.00042513006353313325
GENE_0278,0.00042503857806830517
GENE_0145,0.00042501916753247005
GENE_1848,0.0004249972373984496
GENE_0445,0.0004244913213917058
GENE_1043,0.0004244198528532168
GENE_0741,0.0004243000229699291
GENE_1992,0.0004237796252236873
GENE_0273,0.000423594331003157
GENE_1434,0.00042346850757067546
GENE_0106,0.0004224750184337031
GENE_0598,0.0004223283266167043
GENE_0566,0.0004221404739610983
GENE_0142,0.0004217449708592635
GENE_0580,0.0004215396853244527
GENE_1583,0.00041990590684949435
GENE_0489,0.000419082468324453
GENE_0087,0.0004180131342226719
GENE_1643,0.00041792440685070007
GENE_0525,0.0004177695648574454
GENE_0481,0.00041592978978900047
GENE_1032,0.00041590555554714686
GENE_1458,0.0004156784834629479
GENE_1097,0.00041473800489513464
GENE_1280,0.00041464668747640974
GENE_1617,0.0004145058796652319
GENE_1123,0.000414176768099025
GENE_0386,0.00041403939530484696
GENE_0734,0.0004133905688069925
GENE_0096,0.00041319720666504887
GENE_1769,0.0004131789311461566
GENE_0229,0.0004131472834653539
GENE_0289,0.00041313604474618477
GENE_0702,0.00041262630638993917
GENE_1410,0.0004125204713608314
GENE_1808,0.0004124066219164831
GENE_1594,0.0004120916488997539
GENE_1165,0.0004115428899792417
GENE_0069,0.00041119798733078405
GENE_1027,0.0004110731213661289
GENE_1260,0.00041077176269712506
GENE_0876,0.0004106812809891222
GENE_1477,0.0004102354605619817
GENE_0643,0.0004101041189837238
GENE_1291,0.00040977972716401973
GENE_1930,0.0004094578976196008
GENE_1888,0.00040870792364287005
GENE_1506,0.00040866673586222
GENE_0353,0.0004084551358291928
GENE_1046,0.00040831896047418604
GENE_1282,0.00040695560440415863
GENE_1736,0.0004066433013019786
GENE_1417,0.0004064744025741978
GENE_1153,0.00040624615674448146
GENE_0905,0.0004055731662162635
GENE_1179,0.0004055257887908661
GENE_0346,0.00040533264020051245
GENE_1103,0.0004049155332815341
GENE_0703,0.00040256179761295996
GENE_1262,0.00040093275092425643
GENE_1714,0.0004008089723095909
GENE_0217,0.0003998828450535664
GENE_1475,0.0003997177888105697
GENE_1075,0.00039971100856472735
GENE_0428,0.0003988755337148177
GENE_1272,0.0003984032328371864
GENE_0317,0.0003978854517718713
GENE_0942,0.0003974753756802731
GENE_1306,0.0003973110910946692
GENE_0298,0.00039596352260840554
GENE_1183,0.00039565874797782606
GENE_0638,0.0003954327676585948
GENE_1787,0.00039543122112339164
GENE_1081,0.0003952464332065192
GENE_0856,0.0003950879057672814
GENE_0369,0.0003944670873245812
GENE_1476,0.00039385259944377894
GENE_1391,0.0003937809314933872
GENE_0601,0.0003933633934894615
GENE_1004,0.0003933031126249261
GENE_1944,0.0003932458256880463
GENE_0086,0.0003921679031108036
GENE_0115,0.00039150541155772757
GENE_0912,0.00039145180085692
GENE_0399,0.0003914484066071801
GENE_0980,0.0003913628969520236
GENE_0837,0.0003910135575134915
GENE_1378,0.0003907847254103166
GENE_0247,0.0003907097680381834
GENE_1005,0.00038972275105068535
GENE_0813,0.0003893428104634971
GENE_0023,0.0003892909400090577
GENE_1991,0.0003890070185129022
GENE_1969,0.00038891657938071414
GENE_0180,0.0003880322792644539
GENE_1112,0.00038793073706340253
GENE_0355,0.0003873761207935742
GENE_0815,0.0003864226935236611
GENE_1469,0.00038594230932357247
GENE_0104,0.0003857230436145677
GENE_0122,0.0003855592782429326
GENE_0330,0.00038494817968858967
GENE_1202,0.000384808190419967
GENE_1720,0.0003847553357338703
GENE_0517,0.00038468803441279125
GENE_0944,0.00038444808215288656
GENE_1178,0.0003835531384869714
GENE_0321,0.0003824678456699313
GENE_1945,0.00038095529833847533
GENE_1602,0.0003807347816745376
GENE_1644,0.00038056841627435555
GENE_0952,0.0003797358714340653
GENE_0299,0.00037939031641558553
GENE_1539,0.00037913676031126324
GENE_1941,0.00037905407955464573
GENE_1384,0.00037901447626106336
GENE_1025,0.000378490656125494
GENE_1571,0.00037808523565306234
GENE_1215,0.0003779461872058561
GENE_1825,0.00037756610893276295
GENE_0610,0.0003775446098447283
GENE_1589,0.00037735324456814165
GENE_0272,0.0003768862989595712
GENE_0017,0.00037687024898365467
GENE_0158,0.0003767719775434537
GENE_0887,0.0003766119595547692
GENE_0460,0.0003765622580247115
GENE_0697,0.0003765090703487121
GENE_1437,0.00037634952209712817
GENE_0342,0.00037615461826876926
GENE_1812,0.0003751299565788907
GENE_1697,0.00037432817406173253
GENE_1807,0.00037426293062162863
GENE_1175,0.0003741327105797788
GENE_1790,0.0003740468285469718
GENE_0472,0.0003734885550080454
GENE_0892,0.00037214112071422994
GENE_0825,0.0003709795948648179
GENE_1982,0.000370156181994706
GENE_0674,0.00037000130037780765
GENE_1285,0.0003698594296278459
GENE_0622,0.0003694423811407263
GENE_0641,0.000368413600575682
GENE_1252,0.00036756631147424456
GENE_1287,0.0003674531575996505
GENE_1566,0.00036714568742932796
GENE_0495,0.0003666319455287465
GENE_1349,0.0003660745912730198
GENE_1468,0.00036596745088071723
GENE_1256,0.00036591162194242216
GENE_0326,0.0003653124519580725
GENE_1520,0.00036527120465587164
GENE_0476,0.00036506215531721616
GENE_0512,0.00036387431928342753
GENE_0721,0.0003631249831790596
GENE_1740,0.00036146976187494335
GENE_0001,0.00036090450734017324
GENE_1059,0.00036070490503325753
GENE_0392,0.0003599198172330439
GENE_0405,0.0003593771094322447
GENE_1651,0.00035866786812059046
GENE_1316,0.00035853423554011154
GENE_1721,0.00035808555336287523
GENE_1066,0.0003570768079420166
GENE_0988,0.0003569667594220814
GENE_0560,0.00035623366511104254
GENE_1503,0.00035596378095790115
GENE_0016,0.0003554170918251582
GENE_1798,0.00035466366091374226
GENE_1152,0.000353398312836605
GENE_0863,0.00035338893013635465
GENE_1432,0.00035336820702631553
GENE_0737,0.00035209867999557625
GENE_1225,0.00035158916023397276
GENE_0573,0.00035062346823586083
GENE_1657,0.0003505698774938716
GENE_0657,0.0003503279920817783
GENE_0621,0.0003503241972515053
GENE_0542,0.0003491644744319294
GENE_0780,0.00034865139275605224
GENE_1333,0.00034808953360141316
GENE_1332,0.00034685835088045687
GENE_0067,0.00034685406630615405
GENE_1985,0.00034684059551021916
GENE_0706,0.0003456956282561038
GENE_0565,0.0003451156631795845
GENE_0322,0.0003446274422018744
GENE_1672,0.00034450500344470074
GENE_1300,0.0003436828921870888
GENE_1879,0.00034268962536755404
GENE_1254,0.0003424457708895318
GENE_0667,0.0003420710744218574
GENE_0292,0.00034180512572992494
GENE_0671,0.0003417697462848777
GENE_1680,0.0003416294210057387
GENE_0101,0.0003414618819254775
GENE_0597,0.000341016495125497
GENE_0666,0.0003401993206029827
GENE_0135,0.00033925967185977583
GENE_1625,0.00033903442240320046
GENE_1138,0.0003344872916649715
GENE_0647,0.00033289636300584067
GENE_0314,0.00033284171189607004
GENE_1559,0.0003325102187789691
GENE_1547,0.0003324740135554541
GENE_1666,0.00033175970320082834
GENE_0146,0.0003317106978286232
GENE_1251,0.00033166177488863554
GENE_1517,0.0003312028864200441
GENE_0692,0.0003306347808865997
GENE_1465,0.00033033640476539446
GENE_0639,0.00033003204195565056
GENE_0357,0.00032965883207196735
GENE_1603,0.0003286409392085743
GENE_1817,0.0003271527306832983
GENE_0208,0.00032698883412703606
GENE_0404,0.00032662847578361956
GENE_1366,0.0003256758879940479
GENE_0781,0.0003252724697735632
GENE_1309,0.0003252184061995317
GENE_0327,0.0003250328377957037
GENE_0035,0.0003247974836020227
GENE_1055,0.0003242409448862492
GENE_0486,0.00032204292662073726
GENE_1712,0.0003210063993352526
GENE_0637,0.00032048761962443303
GENE_1511,0.0003192570731935845
GENE_1554,0.0003189235886496038
GENE_1745,0.0003187089345937657
GENE_1567,0.0003183380927430108
GENE_0050,0.00031792955468281915
GENE_1286,0.0003175643950652028
GENE_1408,0.0003173568687490121
GENE_0213,0.00031705114352879085
GENE_0049,0.00031649945598063474
GENE_1478,0.00031605934092066327
GENE_0547,0.0003158137491570229
GENE_1984,0.00031570928772729485
GENE_1358,0.0003156116796954078
GENE_1428,0.0003144648118845303
GENE_1267,0.0003139787162414812
GENE_0888,0.00031360184294951113
GENE_0120,0.0003110745539860023
GENE_1009,0.00031036157832915344
GENE_0323,0.0003094935410870101
GENE_0535,0.00030892020059999854
GENE_1786,0.0003081839721005985
GENE_1204,0.00030756961565891317
GENE_0937,0.0003062355292116439
GENE_1350,0.0003061676471132209
GENE_0758,0.0003058648791569163
GENE_0632,0.0003050353526271625
GENE_0252,0.0003049824600892331
GENE_0024,0.00030479308389511214
GENE_0675,0.0003045929884400657
GENE_1160,0.0003041471149169569
GENE_0137,0.00030385860274437346
GENE_1842,0.0003030283537641353
GENE_1810,0.0003029978054392273
GENE_0589,0.00030284721512616885
GENE_0534,0.00030185820767829623
GENE_0126,0.00030166926935291737
GENE_1039,0.0003014131948800857
GENE_1228,0.000300579853051935
GENE_1768,0.00030047571225129193
GENE_0608,0.00029825499688225797
GENE_1416,0.00029682037532064153
GENE_0585,0.00029681603885820977
GENE_1241,0.00029675565086828326
GENE_0660,0.0002951866492351097
GENE_1772,0.0002949307388074327
GENE_0848,0.0002921546400307685
GENE_0152,0.00029189431447391637
GENE_1323,0.0002916113502943403
GENE_0904,0.0002915652683082563
GENE_0867,0.00029135186739138297
GENE_0802,0.00029073445888257003
GENE_1141,0.0002890599790522072
GENE_0361,0.0002889823193392998
GENE_1800,0.0002886469838782411
GENE_0507,0.00028630285822826384
GENE_1889,0.0002843614931929363
GENE_1164,0.00028419970041007755
GENE_0128,0.0002835264810627232
GENE_0206,0.00028136330253531464
GENE_1373,0.0002812677646229253
GENE_0948,0.0002809443433091527
GENE_0085,0.00028087578836005533
GENE_1510,0.0002802517510747087
GENE_1508,0.00028008803529033576
GENE_0613,0.00027972941656930725
GENE_1967,0.0002780900852633197
GENE_0539,0.00027777786315525587
GENE_0908,0.00027750755117640803
GENE_1257,0.0002767374421301416
GENE_1149,0.00027597143277064166
GENE_0665,0.0002758368091724001
GENE_1238,0.0002746821293848368
GENE_0603,0.0002732662451217706
GENE_0801,0.0002718938200912618
GENE_0974,0.0002717626773502493
GENE_1496,0.00027100953116805134
GENE_1502,0.0002691747230376591
GENE_1098,0.00026729158310260235
GENE_1702,0.0002672500784146283
GENE_1271,0.00026710520047502353
GENE_0092,0.0002661586715274183
GENE_0688,0.0002658861051824036
GENE_1543,0.00026560858753762
GENE_1222,0.00026491465787946243
GENE_1369,0.0002644219839478525
GENE_0226,0.0002631013007405561
GENE_1122,0.0002626234829145102
GENE_1399,0.00026136685492275517
GENE_0648,0.00026135696055170835
GENE_0209,0.0002603440603981048
GENE_1935,0.00025948396010793453
GENE_0332,0.00025883423357978404
GENE_1523,0.0002588295243390088
GENE_0840,0.0002582531174859893
GENE_0977,0.00025738831462386743
GENE_0221,0.0002573700242670451
GENE_0496,0.00025720236384479614
GENE_1119,0.00025497621707342143
GENE_0928,0.0002548521647444599
GENE_0704,0.00025476098096901775
GENE_0396,0.00025417796226095935
GENE_0088,0.0002539351714172748
GENE_1784,0.0002521581944465598
GENE_0549,0.0002520627956591631
GENE_1007,0.00025120153968640526
GENE_1839,0.0002509967606632061
GENE_1660,0.0002504810183305442
GENE_0587,0.00024998650009948125
GENE_1501,0.0002461861438348141
GENE_1696,0.00024569809031046487
GENE_0727,0.00024565350247903237
GENE_0042,0.00023887077969575088
GENE_0241,0.00023868011841649665
GENE_0501,0.0002379029801608624
GENE_1426,0.00023724734505269475
GENE_0432,0.00023722212799341642
GENE_1562,0.00023716741131878178
GENE_0962,0.00023226159701158933
GENE_0919,0.00023203017292879668
GENE_1495,0.0002320066375265787
GENE_0995,0.00023163823949692134
GENE_0748,0.00023144102966948522
GENE_0987,0.00023097361003709756
GENE_0447,0.00023071204518613052
GENE_0039,0.00023070398275581874
GENE_0345,0.00023001770224258597
GENE_0893,0.00022862585321291193
GENE_1977,0.0002276058083495634
GENE_1726,0.00022700325689538095
GENE_0936,0.0002266041051673265
GENE_0140,0.00022652849568239046
GENE_0053,0.00022440186460502657
GENE_0773,0.00022322099065192946
GENE_0852,0.0002230147383468701
GENE_0846,0.00022165724795337191
GENE_1773,0.00022152105833432473
GENE_0636,0.00022122908142731309
GENE_0746,0.0002212158035741496
GENE_1146,0.00022074859800316662
GENE_0479,0.00021798287701199571
GENE_1433,0.00021721642541312595
GENE_0259,0.00021644645627575656
GENE_0765,0.0002158428164058307
GENE_1873,0.00021566850834267066
GENE_1360,0.0002073980260113577
GENE_1693,0.00020510635115787297
GENE_1045,0.00020075981875832628
GENE_0915,0.00019888171233978702
GENE_1943,0.00019827990950132415
GENE_0175,0.00019817028275611841
GENE_0417,0.00019632451560142814
GENE_0340,0.00019466882619099986
GENE_1588,0.00019443640098004675
GENE_1325,0.0001939041041817295
GENE_0062,0.00019347229505836463
GENE_1474,0.00019245251573971032
GENE_1536,0.0001915635054799821
GENE_1931,0.0001911989130574357
GENE_0764,0.00018143861689389417
GENE_0129,0.00018127762163786754
GENE_1742,0.00017850053972579178
GENE_1444,0.00017597268032074084
GENE_1068,0.00017373251768851484
GENE_0216,0.00017176554736696894
GENE_0967,0.00017133118975357238
GENE_0233,0.00017025819820842969
GENE_1396,0.00016875521460568593
GENE_0306,0.00016795529335809887
GENE_0755,0.0001656822184157853
GENE_0604,0.00016341437906822442
GENE_0998,0.00016138657858579474
GENE_1656,0.00016131348059895493
GENE_1522,0.0001611475850666534
GENE_1796,0.00016076480588309665
GENE_0228,0.0001603850244705784
GENE_0161,0.00015844511906704602
GENE_0927,0.0001558143386160048
GENE_1235,0.0001551229397206957
GENE_0118,0.00015441736230754316
GENE_0341,0.00014865634040014334
GENE_0763,0.0001471912781676061
GENE_1079,0.00014327213323267444
GENE_0313,0.00013690170012230067
GENE_0594,0.00013439070831192655
GENE_1364,0.00013167815301540792
GENE_1828,0.000130003457896111
GENE_1327,0.00012835790960086628
GENE_1237,0.00012680686280002818
GENE_0726,0.00012001207835028752
GENE_1922,0.00011959875007417679
GENE_0201,0.0001160281706768835
GENE_0169,0.00011431920796752359
GENE_0037,0.0001131631449593908
GENE_0210,0.00010927638465359697
GENE_0307,0.0001086900658507554
GENE_1892,9.24766094050683e-05
GENE_0651,9.238909533565384e-05
GENE_1040,8.152195043633137e-05
GENE_0435,5.97374876502039e-05
GENE_0031,2.7219057950103685e-05
